choice_id,char_range,alternativetext_id
1,"[6347,6353)",1
2,"[6355,6366)",2
3,"[6436,6443)",3
4,"[7901,7907)",1
5,"[7909,7920)",2
6,"[8015,8022)",3
7,"[9704,9710)",1
8,"[9712,9723)",2
9,"[9777,9783)",4
10,"[9829,9836)",3
11,"[14425,14431)",1
12,"[14433,14444)",2
13,"[14485,14499)",5
14,"[14742,14749)",3
15,"[18624,18630)",1
16,"[18632,18643)",2
17,"[18684,18698)",5
18,"[18903,18910)",3
19,"[20143,20151)",6
20,"[20469,20480)",2
21,"[20945,20951)",1
22,"[20953,20964)",2
23,"[21045,21052)",3
24,"[22974,22980)",1
25,"[22982,22993)",2
26,"[23047,23061)",7
27,"[23100,23107)",3
28,"[24640,24646)",1
29,"[24648,24659)",2
30,"[24713,24727)",7
31,"[24811,24818)",3
32,"[25303,25309)",1
33,"[25311,25322)",2
34,"[25376,25390)",7
35,"[25451,25458)",3
36,"[26544,26552)",8
37,"[27273,27279)",1
38,"[27281,27292)",2
39,"[27346,27360)",7
40,"[27421,27428)",3
41,"[30708,30714)",1
42,"[30716,30727)",2
43,"[30821,30828)",3
44,"[32737,32743)",1
45,"[32745,32756)",2
46,"[32810,32824)",7
47,"[32886,32893)",3
48,"[34046,34052)",1
49,"[34054,34065)",2
50,"[34118,34132)",7
51,"[34198,34205)",3
52,"[35603,35609)",1
53,"[35700,35707)",3
54,"[38703,38709)",1
55,"[38711,38722)",2
56,"[38792,38799)",3
57,"[41177,41183)",1
58,"[41185,41196)",2
59,"[41271,41278)",3
60,"[42639,42645)",1
61,"[42696,42710)",9
62,"[42759,42766)",3
63,"[43819,43826)",10
64,"[46013,46019)",1
65,"[46097,46104)",3
66,"[48404,48410)",1
67,"[48412,48423)",2
68,"[48496,48503)",3
69,"[49270,49276)",1
70,"[49331,49345)",7
71,"[49393,49400)",3
72,"[50288,50296)",6
73,"[50303,50309)",1
74,"[50311,50322)",2
75,"[50538,50545)",3
76,"[51485,51491)",1
77,"[51533,51547)",7
78,"[51596,51603)",3
79,"[54420,54426)",1
80,"[54428,54439)",2
81,"[54493,54507)",7
82,"[54554,54561)",3
83,"[55801,55810)",11
84,"[58107,58114)",12
85,"[60064,60073)",11
86,"[61902,61914)",13
87,"[62035,62045)",14
88,"[62975,62987)",13
89,"[63751,63759)",15
90,"[68997,69009)",16
91,"[70483,70495)",17
92,"[71621,71631)",18
93,"[71640,71651)",2
94,"[71835,71842)",3
95,"[73583,73593)",19
96,"[73600,73611)",2
97,"[73784,73791)",3
98,"[75374,75383)",20
99,"[77597,77609)",17
100,"[77708,77719)",2
101,"[77895,77902)",3
102,"[80510,80521)",2
103,"[80708,80715)",3
104,"[83248,83259)",2
105,"[83318,83325)",21
106,"[83354,83361)",3
107,"[87711,87722)",2
108,"[87920,87927)",3
109,"[90366,90377)",2
110,"[90555,90562)",3
111,"[95068,95076)",22
112,"[96824,96832)",23
113,"[97409,97421)",17
114,"[97555,97564)",24
115,"[97728,97735)",3
116,"[98682,98691)",24
117,"[98700,98711)",2
118,"[98892,98899)",3
119,"[98945,98952)",21
120,"[99370,99380)",25
121,"[99534,99541)",3
122,"[99946,99958)",26
123,"[100342,100354)",16
124,"[100630,100640)",18
125,"[100649,100660)",2
126,"[100767,100774)",3
127,"[103209,103221)",17
128,"[103256,103266)",18
129,"[103275,103286)",2
130,"[103474,103481)",3
131,"[103750,103760)",18
132,"[103921,103928)",3
133,"[104585,104593)",22
134,"[104957,104967)",18
135,"[105128,105135)",3
136,"[108511,108523)",16
137,"[108971,108981)",18
138,"[109141,109148)",3
139,"[112440,112450)",19
140,"[112459,112470)",2
141,"[112663,112670)",3
142,"[115656,115666)",19
143,"[115675,115686)",2
144,"[115856,115863)",3
145,"[116873,116883)",19
146,"[116892,116903)",2
147,"[117063,117070)",3
148,"[120459,120469)",19
149,"[121761,121773)",16
150,"[122017,122028)",2
151,"[122187,122194)",3
152,"[122908,122919)",2
153,"[123009,123016)",3
154,"[127722,127731)",27
155,"[127740,127751)",2
156,"[127944,127951)",3
157,"[131383,131394)",28
158,"[135512,135524)",11
159,"[138276,138284)",23
160,"[138946,138958)",17
161,"[139007,139017)",19
162,"[139026,139037)",2
163,"[139214,139221)",3
164,"[140648,140658)",19
165,"[140667,140678)",2
166,"[140768,140775)",3
167,"[141502,141513)",2
168,"[141565,141570)",29
169,"[141602,141609)",3
170,"[142350,142360)",18
171,"[142367,142378)",2
172,"[142480,142487)",3
173,"[144209,144219)",18
174,"[144228,144239)",2
175,"[144335,144342)",3
176,"[144424,144434)",18
177,"[144441,144452)",2
178,"[144532,144539)",3
179,"[144921,144928)",30
180,"[145220,145229)",11
181,"[145458,145468)",18
182,"[145477,145488)",2
183,"[145580,145587)",3
184,"[145962,145974)",16
185,"[146049,146058)",27
186,"[146067,146078)",2
187,"[146263,146270)",3
188,"[148206,148217)",2
189,"[148410,148417)",3
190,"[148579,148590)",2
191,"[148783,148790)",3
192,"[150640,150652)",31
193,"[150847,150860)",32
194,"[151744,151756)",17
195,"[151849,151860)",2
196,"[152045,152052)",3
197,"[154790,154801)",2
198,"[154953,154960)",3
199,"[155581,155592)",2
200,"[155764,155771)",3
201,"[156264,156276)",26
202,"[157954,157965)",2
203,"[158033,158040)",3
204,"[159920,159931)",2
205,"[160118,160125)",3
206,"[160358,160369)",2
207,"[160543,160550)",3
208,"[161386,161393)",3
209,"[163304,163311)",3
210,"[164387,164398)",33
211,"[164466,164473)",3
212,"[165144,165155)",34
213,"[165186,165191)",29
214,"[165216,165223)",3
215,"[165700,165708)",8
216,"[165989,166000)",2
217,"[166052,166057)",29
218,"[166089,166096)",3
219,"[167346,167353)",21
220,"[169314,169321)",21
221,"[169330,169335)",29
222,"[169360,169367)",3
223,"[172978,172989)",2
224,"[173065,173072)",3
225,"[174275,174286)",33
226,"[174295,174306)",2
227,"[174402,174409)",3
228,"[174556,174565)",22
229,"[176131,176142)",33
230,"[176210,176217)",3
231,"[176499,176505)",12
232,"[176808,176817)",23
233,"[177823,177832)",24
234,"[177962,177969)",3
235,"[181997,182005)",24
236,"[183093,183102)",24
237,"[183111,183122)",2
238,"[183201,183208)",3
239,"[183444,183453)",24
240,"[183462,183473)",2
241,"[183550,183557)",3
242,"[183809,183821)",16
243,"[184384,184395)",34
244,"[184430,184437)",21
245,"[184456,184463)",3
246,"[185292,185303)",34
247,"[185325,185332)",21
248,"[185341,185346)",29
249,"[185837,185846)",35
250,"[186079,186088)",35
251,"[186793,186805)",16
252,"[186853,186860)",36
253,"[186860,186871)",37
254,"[186917,186928)",2
255,"[186982,186989)",21
256,"[186999,187004)",29
257,"[187024,187031)",3
258,"[187768,187777)",38
259,"[187804,187811)",21
260,"[187820,187825)",29
261,"[187844,187851)",3
262,"[188184,188193)",24
263,"[188202,188213)",2
264,"[188298,188305)",3
265,"[189323,189333)",18
266,"[189342,189353)",2
267,"[189451,189458)",3
268,"[193073,193083)",18
269,"[193092,193103)",2
270,"[193215,193222)",3
271,"[193802,193812)",18
272,"[193821,193832)",2
273,"[193928,193935)",3
274,"[194681,194691)",39
275,"[196929,196938)",40
276,"[197162,197171)",40
277,"[197696,197709)",41
278,"[198032,198041)",40
279,"[202468,202476)",42
280,"[203195,203201)",43
281,"[203217,203224)",44
282,"[203224,203232)",45
283,"[203238,203245)",46
284,"[204852,204863)",2
285,"[204965,204975)",47
286,"[205002,205009)",48
287,"[205009,205016)",10
288,"[209821,209834)",49
289,"[209935,209944)",50
290,"[209956,209963)",3
291,"[209963,209970)",46
292,"[212406,212413)",1
293,"[212456,212466)",51
294,"[212493,212500)",3
295,"[212500,212507)",46
296,"[213936,213947)",2
297,"[213989,213998)",51
298,"[214155,214162)",3
299,"[214162,214169)",46
300,"[219750,219761)",2
301,"[219846,219853)",3
302,"[219924,219931)",46
303,"[227626,227633)",52
304,"[229785,229796)",2
305,"[229889,229896)",3
306,"[229896,229903)",46
307,"[233345,233356)",2
308,"[233463,233470)",3
309,"[233509,233516)",46
310,"[236379,236386)",53
311,"[237429,237440)",2
312,"[237577,237589)",17
313,"[237757,237768)",2
314,"[237878,237885)",3
315,"[243225,243236)",2
316,"[243833,243844)",2
317,"[243931,243938)",3
318,"[244117,244124)",53
319,"[244434,244441)",53
320,"[247674,247686)",54
321,"[247736,247747)",2
322,"[247981,247988)",46
323,"[250360,250371)",2
324,"[250445,250452)",3
325,"[251042,251049)",53
326,"[255075,255086)",2
327,"[255160,255167)",3
328,"[255712,255720)",15
329,"[256881,256892)",2
330,"[256963,256970)",3
331,"[256970,256977)",46
332,"[259665,259676)",2
333,"[259723,259737)",55
334,"[259787,259794)",3
335,"[259920,259926)",53
336,"[260511,260517)",53
337,"[262127,262134)",46
338,"[267470,267477)",56
339,"[267606,267617)",2
340,"[270276,270287)",2
341,"[270368,270375)",3
342,"[272403,272415)",17
343,"[272814,272821)",56
344,"[273472,273484)",17
345,"[273506,273513)",56
346,"[273591,273602)",2
347,"[273660,273667)",57
348,"[274737,274743)",53
349,"[275154,275161)",52
350,"[275923,275929)",53
351,"[276545,276551)",53
352,"[277348,277362)",58
353,"[277408,277415)",3
354,"[277533,277544)",2
355,"[278357,278368)",2
356,"[278463,278471)",59
357,"[279117,279132)",60
358,"[279431,279438)",61
359,"[281906,281917)",2
360,"[282005,282012)",44
361,"[282012,282027)",62
362,"[282033,282040)",46
363,"[283110,283122)",17
364,"[283324,283335)",37
365,"[283343,283354)",2
366,"[283414,283421)",44
367,"[283459,283466)",63
368,"[283466,283481)",62
369,"[283487,283494)",3
370,"[283494,283501)",46
371,"[285887,285894)",63
372,"[285916,285923)",46
373,"[286341,286348)",56
374,"[286424,286435)",2
375,"[286521,286528)",63
376,"[286534,286541)",3
377,"[286541,286548)",46
378,"[287274,287284)",64
379,"[288032,288042)",25
380,"[288050,288061)",2
381,"[288112,288119)",44
382,"[288167,288174)",44
383,"[288180,288187)",3
384,"[289463,289479)",65
385,"[290156,290163)",44
386,"[290218,290225)",44
387,"[290399,290409)",4
388,"[291729,291744)",65
389,"[291812,291823)",2
390,"[291863,291877)",58
391,"[291935,291942)",3
392,"[292065,292071)",66
393,"[293315,293325)",25
394,"[293486,293497)",2
395,"[295942,295948)",53
396,"[296617,296623)",53
397,"[297558,297579)",67
398,"[298024,298035)",2
399,"[298123,298130)",3
400,"[298173,298180)",52
401,"[301859,301871)",17
402,"[301937,301943)",68
403,"[302000,302007)",3
404,"[302625,302632)",53
405,"[302993,303006)",49
406,"[304962,304973)",2
407,"[305044,305051)",3
408,"[305194,305201)",46
409,"[306389,306400)",2
410,"[306500,306507)",3
411,"[306632,306639)",46
412,"[307306,307317)",2
413,"[307434,307441)",3
414,"[307441,307448)",46
415,"[307997,308008)",2
416,"[309516,309527)",2
417,"[309634,309641)",3
418,"[311022,311035)",69
419,"[313650,313664)",58
420,"[313710,313717)",3
421,"[315872,315880)",15
422,"[317414,317423)",35
423,"[317766,317777)",2
424,"[317844,317858)",5
425,"[317966,317976)",70
426,"[318275,318288)",69
427,"[321327,321334)",56
428,"[321491,321502)",2
429,"[321568,321575)",3
430,"[321605,321614)",71
431,"[322399,322412)",72
432,"[322936,322943)",56
433,"[323119,323130)",2
434,"[323234,323241)",44
435,"[323529,323539)",70
436,"[325384,325397)",69
437,"[327819,327830)",2
438,"[327893,327900)",44
439,"[330757,330768)",2
440,"[330874,330881)",3
441,"[331363,331374)",2
442,"[331836,331847)",2
443,"[331928,331935)",3
444,"[334329,334341)",17
445,"[335252,335263)",2
446,"[335361,335368)",3
447,"[335408,335415)",46
448,"[337822,337833)",2
449,"[337987,337994)",46
450,"[340464,340471)",44
451,"[340533,340540)",46
452,"[340738,340745)",52
453,"[342976,342992)",73
454,"[343253,343264)",2
455,"[343366,343377)",2
456,"[343435,343442)",3
457,"[343442,343449)",46
458,"[343952,343959)",52
459,"[344193,344200)",44
460,"[344269,344276)",46
461,"[345680,345691)",2
462,"[345728,345735)",63
463,"[345839,345846)",3
464,"[345939,345946)",46
465,"[346103,346110)",52
466,"[346745,346752)",52
467,"[347063,347073)",74
468,"[347854,347865)",2
469,"[348098,348109)",2
470,"[348276,348283)",46
471,"[350961,350976)",75
472,"[351352,351363)",2
473,"[351520,351527)",46
474,"[352922,352933)",2
475,"[352970,352977)",63
476,"[353028,353035)",3
477,"[353822,353832)",25
478,"[353840,353851)",2
479,"[353902,353909)",44
480,"[353957,353964)",44
481,"[353970,353977)",3
482,"[354912,354925)",76
483,"[355248,355261)",76
484,"[355793,355806)",16
485,"[355955,355969)",77
486,"[356042,356049)",44
487,"[356104,356111)",44
488,"[357728,357738)",70
489,"[360013,360026)",69
490,"[360580,360591)",2
491,"[360675,360682)",3
492,"[360966,360975)",78
493,"[361230,361239)",11
494,"[363104,363115)",2
495,"[363189,363196)",3
496,"[365323,365333)",70
497,"[366311,366320)",11
498,"[366979,366986)",46
499,"[369235,369242)",46
500,"[370024,370033)",11
501,"[370860,370873)",76
502,"[372151,372160)",11
503,"[373744,373754)",70
504,"[373844,373853)",11
505,"[374169,374178)",11
506,"[374209,374219)",70
507,"[374294,374304)",79
508,"[378096,378107)",2
509,"[378158,378165)",44
510,"[381021,381031)",70
511,"[382246,382253)",3
512,"[382253,382260)",46
513,"[384371,384384)",69
514,"[384611,384623)",80
515,"[384641,384648)",46
516,"[385616,385625)",11
517,"[385628,385636)",81
518,"[385868,385877)",11
519,"[386583,386594)",2
520,"[386677,386684)",3
521,"[387490,387503)",76
522,"[389819,389829)",79
523,"[391367,391378)",2
524,"[391415,391422)",63
525,"[391466,391473)",3
526,"[392561,392568)",63
527,"[392621,392628)",3
528,"[395727,395740)",70
529,"[396280,396291)",2
530,"[396328,396335)",63
531,"[396388,396395)",44
532,"[396401,396408)",3
533,"[398011,398022)",2
534,"[398774,398785)",17
535,"[399523,399533)",19
536,"[399562,399576)",82
537,"[399614,399621)",44
538,"[399621,399629)",83
539,"[399650,399657)",44
540,"[399678,399688)",70
541,"[400608,400618)",19
542,"[400627,400638)",2
543,"[400747,400754)",44
544,"[400847,400857)",70
545,"[401715,401726)",84
546,"[401789,401800)",2
547,"[401841,401855)",82
548,"[401866,401873)",85
549,"[401904,401911)",63
550,"[401918,401927)",86
551,"[402036,402046)",70
552,"[402165,402174)",22
553,"[402547,402558)",2
554,"[402638,402645)",44
555,"[403244,403254)",70
556,"[403709,403720)",84
557,"[404314,404325)",2
558,"[404376,404383)",44
559,"[404433,404440)",3
560,"[404623,404636)",76
561,"[404866,404879)",69
562,"[405247,405260)",76
563,"[405514,405524)",14
564,"[405734,405744)",19
565,"[405753,405764)",2
566,"[405864,405878)",82
567,"[405905,405912)",87
568,"[405928,405935)",44
569,"[405949,405956)",63
570,"[406047,406057)",70
571,"[406143,406153)",70
572,"[408432,408443)",84
573,"[409173,409182)",88
574,"[411132,411142)",18
575,"[411151,411162)",2
576,"[411226,411233)",63
577,"[411261,411268)",44
578,"[411498,411508)",70
579,"[412316,412329)",89
580,"[414207,414216)",90
581,"[414773,414784)",2
582,"[414821,414828)",63
583,"[414905,414912)",46
584,"[416320,416327)",46
585,"[418644,418655)",2
586,"[418699,418713)",9
587,"[418722,418729)",44
588,"[418865,418872)",3
589,"[418872,418879)",46
590,"[418934,418944)",14
591,"[419098,419108)",14
592,"[419193,419205)",17
593,"[421655,421662)",91
594,"[422089,422096)",56
595,"[426609,426626)",92
596,"[427284,427295)",2
597,"[427332,427339)",63
598,"[427443,427450)",3
599,"[427450,427457)",46
600,"[432470,432481)",2
601,"[432518,432525)",63
602,"[432539,432546)",44
603,"[432627,432634)",46
604,"[432997,433004)",46
605,"[433194,433203)",90
606,"[433280,433290)",93
607,"[433363,433373)",70
608,"[433645,433660)",94
609,"[434362,434371)",11
610,"[435990,435997)",63
611,"[436282,436291)",95
612,"[437180,437187)",96
613,"[438515,438522)",56
614,"[438582,438594)",17
615,"[438662,438673)",2
616,"[438710,438717)",63
617,"[438867,438876)",11
618,"[442853,442865)",17
619,"[443337,443349)",17
620,"[443648,443659)",2
621,"[443708,443715)",44
622,"[443873,443880)",46
623,"[444295,444304)",22
624,"[444357,444366)",22
625,"[445225,445234)",11
626,"[445368,445378)",97
627,"[446570,446577)",98
628,"[447924,447933)",99
629,"[449877,449892)",100
630,"[454231,454244)",70
631,"[456069,456080)",2
632,"[456117,456124)",63
633,"[456177,456184)",3
634,"[460449,460455)",101
635,"[462363,462374)",2
636,"[462425,462432)",44
637,"[466824,466835)",2
638,"[466886,466893)",44
639,"[466926,466933)",3
640,"[470651,470662)",2
641,"[470774,470781)",44
642,"[470787,470794)",3
643,"[470794,470801)",46
644,"[473941,473952)",2
645,"[474003,474010)",44
646,"[474061,474068)",3
647,"[474068,474075)",46
648,"[474809,474820)",2
649,"[474857,474864)",63
650,"[474876,474883)",44
651,"[475866,475875)",102
652,"[478365,478376)",2
653,"[480743,480750)",63
654,"[480756,480763)",46
655,"[481388,481399)",2
656,"[481481,481488)",44
657,"[481494,481501)",46
658,"[484961,484972)",2
659,"[485009,485016)",63
660,"[485934,485941)",63
661,"[485953,485960)",44
662,"[486040,486047)",3
663,"[486152,486161)",103
664,"[489033,489044)",2
665,"[489081,489088)",63
666,"[489148,489155)",3
667,"[489217,489228)",2
668,"[489265,489272)",63
669,"[489293,489300)",3
670,"[492002,492013)",2
671,"[492249,492261)",17
672,"[493110,493119)",104
673,"[493924,493933)",15
674,"[494025,494033)",15
675,"[494527,494538)",2
676,"[495828,495836)",15
677,"[496294,496306)",16
678,"[496601,496608)",3
679,"[498158,498166)",105
680,"[498413,498422)",11
681,"[498422,498428)",106
682,"[500669,500680)",2
683,"[500717,500724)",63
684,"[500761,500768)",3
685,"[502209,502221)",107
686,"[502436,502445)",11
687,"[502445,502451)",106
688,"[502631,502639)",105
689,"[503411,503418)",101
690,"[504908,504917)",90
691,"[505381,505392)",37
692,"[505400,505411)",2
693,"[505460,505467)",108
694,"[505667,505674)",46
695,"[507557,507568)",2
696,"[507617,507624)",85
697,"[507678,507685)",46
698,"[509801,509815)",7
699,"[509824,509831)",85
700,"[509879,509886)",46
701,"[511589,511600)",2
702,"[511757,511764)",46
703,"[514100,514111)",37
704,"[514119,514130)",2
705,"[514179,514186)",108
706,"[514209,514216)",3
707,"[514216,514223)",46
708,"[515301,515312)",37
709,"[515320,515331)",2
710,"[515380,515387)",108
711,"[515427,515434)",46
712,"[515679,515692)",72
713,"[515987,515994)",56
714,"[518103,518110)",56
715,"[518617,518628)",2
716,"[518679,518686)",44
717,"[518801,518808)",46
718,"[521906,521915)",109
719,"[522853,522864)",2
720,"[522947,522954)",44
721,"[522978,522985)",46
722,"[523734,523747)",76
723,"[525742,525755)",76
724,"[526292,526303)",2
725,"[526352,526359)",85
726,"[526604,526611)",46
727,"[526739,526748)",11
728,"[526791,526804)",72
729,"[529036,529049)",69
730,"[529536,529547)",2
731,"[529587,529601)",7
732,"[529610,529617)",85
733,"[529754,529761)",46
734,"[531369,531381)",17
735,"[531540,531551)",2
736,"[531761,531768)",46
737,"[531956,531965)",11
738,"[534295,534306)",2
739,"[534357,534364)",44
740,"[534374,534381)",110
741,"[534435,534442)",46
742,"[535131,535143)",111
743,"[536877,536888)",2
744,"[536937,536944)",85
745,"[537147,537154)",63
746,"[538051,538060)",22
747,"[539992,540006)",7
748,"[540015,540022)",85
749,"[540941,540952)",2
750,"[540992,541006)",7
751,"[541015,541022)",110
752,"[542539,542547)",15
753,"[544535,544546)",37
754,"[544554,544565)",2
755,"[544614,544621)",108
756,"[544918,544927)",11
757,"[545209,545216)",112
758,"[547475,547486)",37
759,"[547494,547505)",2
760,"[547554,547561)",108
761,"[550680,550691)",2
762,"[550740,550747)",85
763,"[551210,551220)",113
764,"[551266,551278)",114
765,"[551310,551319)",109
766,"[551857,551866)",115
767,"[552090,552102)",116
768,"[556517,556531)",7
769,"[556540,556547)",85
770,"[556876,556889)",70
771,"[557764,557775)",2
772,"[558693,558705)",111
773,"[559242,559253)",2
774,"[559304,559311)",44
775,"[559321,559328)",110
776,"[561534,561545)",37
777,"[561553,561564)",2
778,"[561613,561620)",108
779,"[563929,563935)",101
780,"[564803,564814)",37
781,"[564822,564833)",2
782,"[565267,565273)",101
783,"[565649,565658)",11
784,"[567410,567421)",2
785,"[567491,567498)",3
786,"[568566,568573)",63
787,"[568635,568642)",44
788,"[568674,568681)",46
789,"[568961,568968)",61
790,"[570165,570171)",53
791,"[570287,570305)",117
792,"[572195,572206)",118
793,"[573064,573071)",63
794,"[573105,573112)",63
795,"[573112,573121)",59
796,"[573139,573146)",3
797,"[573146,573153)",46
798,"[573759,573766)",46
799,"[574580,574587)",46
800,"[575065,575076)",2
801,"[575113,575120)",63
802,"[575164,575171)",46
803,"[576996,577007)",2
804,"[577044,577051)",63
805,"[577103,577110)",46
806,"[578508,578517)",11
807,"[579406,579415)",22
808,"[580447,580459)",26
809,"[580957,580968)",2
810,"[581005,581012)",63
811,"[581024,581031)",44
812,"[581065,581072)",63
813,"[581102,581109)",46
814,"[583569,583576)",46
815,"[584755,584762)",46
816,"[585878,585887)",11
817,"[586010,586019)",103
818,"[586025,586034)",90
819,"[586376,586382)",101
820,"[588261,588268)",44
821,"[588326,588337)",2
822,"[588386,588393)",44
823,"[588445,588452)",46
824,"[588979,588988)",22
825,"[596538,596551)",119
826,"[597190,597201)",2
827,"[597332,597342)",70
828,"[602410,602416)",101
829,"[602859,602872)",120
830,"[603734,603744)",70
831,"[606358,606368)",70
832,"[606601,606611)",70
833,"[608229,608239)",70
834,"[609557,609570)",121
835,"[610825,610837)",17
836,"[610968,610975)",56
837,"[611135,611146)",2
838,"[611301,611314)",121
839,"[612308,612315)",112
840,"[613020,613027)",122
841,"[614137,614144)",44
842,"[614203,614213)",70
843,"[614614,614620)",94
844,"[614863,614872)",123
845,"[614994,615004)",70
846,"[616751,616762)",2
847,"[616897,616909)",124
848,"[619489,619498)",125
849,"[620104,620111)",56
850,"[620179,620190)",2
851,"[620386,620398)",17
852,"[622908,622917)",15
853,"[622986,622994)",126
854,"[623009,623020)",2
855,"[623049,623059)",127
856,"[623061,623073)",108
857,"[623081,623088)",128
858,"[623088,623096)",129
859,"[623166,623173)",130
860,"[625462,625471)",71
861,"[625954,625964)",25
862,"[625973,625984)",2
863,"[626049,626056)",44
864,"[626104,626111)",44
865,"[626125,626132)",63
866,"[627015,627023)",15
867,"[628067,628075)",15
868,"[628159,628169)",25
869,"[629191,629210)",131
870,"[629308,629321)",17
871,"[629624,629630)",104
872,"[630169,630175)",20
873,"[630229,630238)",15
874,"[630284,630294)",25
875,"[631688,631699)",2
876,"[631769,631776)",44
877,"[631824,631831)",44
878,"[631845,631852)",63
879,"[632175,632182)",15
880,"[632343,632352)",15
881,"[632644,632651)",15
882,"[633058,633071)",17
883,"[634584,634592)",15
884,"[634631,634641)",25
885,"[635393,635403)",18
886,"[635412,635423)",2
887,"[635519,635526)",44
888,"[635540,635547)",63
889,"[638844,638852)",15
890,"[638890,638900)",18
891,"[639790,639799)",132
892,"[640180,640190)",25
893,"[640199,640210)",2
894,"[640247,640254)",63
895,"[640296,640303)",63
896,"[642941,642952)",33
897,"[642961,642972)",2
898,"[643013,643027)",82
899,"[643567,643577)",70
900,"[643724,643735)",84
901,"[643936,643947)",84
902,"[644264,644275)",133
903,"[644314,644325)",37
904,"[644333,644344)",2
905,"[644412,644426)",82
906,"[644509,644516)",44
907,"[644730,644740)",70
908,"[646849,646856)",122
909,"[646911,646924)",69
910,"[647345,647356)",2
911,"[647397,647411)",82
912,"[647468,647475)",63
913,"[647729,647739)",70
914,"[649210,649216)",106
915,"[649901,649907)",106
916,"[650658,650669)",2
917,"[650710,650724)",82
918,"[650768,650775)",44
919,"[651033,651039)",106
920,"[651473,651479)",106
921,"[651624,651635)",84
922,"[651668,651677)",38
923,"[651989,652000)",2
924,"[653882,653891)",38
925,"[653900,653914)",82
926,"[653947,653954)",44
927,"[653977,653990)",17
928,"[655755,655764)",38
929,"[655773,655784)",2
930,"[655825,655839)",82
931,"[655881,655888)",44
932,"[656041,656054)",17
933,"[656468,656476)",15
934,"[656519,656528)",38
935,"[658686,658708)",67
936,"[659283,659292)",38
937,"[659301,659312)",2
938,"[659497,659510)",17
939,"[660017,660025)",15
940,"[660158,660167)",38
941,"[661375,661384)",38
942,"[661393,661404)",2
943,"[661691,661704)",17
944,"[663021,663029)",15
945,"[664099,664110)",2
946,"[664811,664823)",84
947,"[665379,665387)",15
948,"[665876,665885)",38
949,"[665895,665906)",2
950,"[665947,665961)",82
951,"[666075,666088)",17
952,"[666665,666673)",15
953,"[666812,666822)",70
954,"[667103,667112)",22
955,"[669228,669235)",63
956,"[669250,669257)",44
957,"[669271,669278)",63
958,"[669373,669383)",70
959,"[669917,669929)",84
960,"[671083,671092)",38
961,"[671101,671112)",2
962,"[671153,671167)",82
963,"[672759,672768)",15
964,"[673791,673801)",18
965,"[673810,673821)",2
966,"[673885,673892)",63
967,"[673906,673913)",63
968,"[674006,674019)",17
969,"[675961,675972)",2
970,"[676013,676027)",82
971,"[676079,676086)",63
972,"[676954,676962)",15
973,"[677605,677618)",17
974,"[678134,678142)",20
975,"[678410,678423)",17
976,"[678558,678566)",15
977,"[679186,679197)",2
978,"[679306,679313)",44
979,"[680335,680348)",17
980,"[681722,681730)",15
981,"[681947,681960)",17
982,"[683201,683209)",15
983,"[683676,683690)",82
984,"[683714,683721)",63
985,"[687769,687777)",15
986,"[688405,688414)",38
987,"[688423,688434)",2
988,"[688475,688489)",82
989,"[689035,689043)",15
990,"[689100,689109)",38
991,"[690186,690195)",38
992,"[690204,690218)",82
993,"[690251,690258)",44
994,"[690476,690486)",70
995,"[691773,691782)",38
996,"[691791,691802)",2
997,"[691843,691857)",82
998,"[691899,691906)",44
999,"[692006,692016)",70
1000,"[695636,695645)",38
1001,"[695654,695665)",2
1002,"[695782,695789)",63
1003,"[695884,695894)",134
1004,"[698437,698446)",22
1005,"[698786,698797)",84
1006,"[699272,699281)",38
1007,"[699290,699301)",2
1008,"[699365,699379)",135
1009,"[699388,699395)",63
1010,"[700792,700803)",84
1011,"[701636,701646)",18
1012,"[701711,701718)",63
1013,"[701733,701740)",44
1014,"[701754,701761)",63
1015,"[702512,702523)",2
1016,"[702616,702629)",17
1017,"[703787,703794)",52
1018,"[704203,704213)",18
1019,"[704222,704233)",2
1020,"[704297,704304)",63
1021,"[704318,704325)",63
1022,"[704552,704565)",17
1023,"[705785,705802)",136
1024,"[706590,706600)",18
1025,"[706609,706620)",2
1026,"[706708,706715)",44
1027,"[706729,706736)",63
1028,"[706838,706851)",17
1029,"[707463,707471)",15
1030,"[707620,707626)",20
1031,"[707797,707806)",15
1032,"[708392,708397)",137
1033,"[708468,708481)",138
1034,"[708974,708984)",18
1035,"[708994,709005)",2
1036,"[709044,709058)",7
1037,"[709588,709598)",25
1038,"[711600,711610)",18
1039,"[711619,711630)",2
1040,"[711718,711725)",44
1041,"[711739,711746)",63
1042,"[712169,712182)",70
1043,"[712736,712758)",139
1044,"[713196,713204)",22
1045,"[713375,713385)",18
1046,"[713480,713487)",44
1047,"[713572,713582)",70
1048,"[713711,713722)",84
1049,"[715995,716005)",18
1050,"[716014,716025)",2
1051,"[716104,716111)",63
1052,"[716140,716147)",44
1053,"[716161,716168)",63
1054,"[717046,717067)",67
1055,"[717253,717266)",17
1056,"[717804,717812)",15
1057,"[717940,717953)",17
1058,"[719364,719374)",18
1059,"[719384,719395)",2
1060,"[719440,719454)",140
1061,"[719873,719883)",141
1062,"[719926,719933)",44
1063,"[720178,720185)",142
1064,"[723335,723349)",135
1065,"[723388,723395)",63
1066,"[723845,723858)",17
1067,"[724403,724413)",79
1068,"[724422,724433)",2
1069,"[724474,724488)",135
1070,"[724497,724504)",63
1071,"[724851,724868)",143
1072,"[725188,725198)",18
1073,"[725207,725218)",2
1074,"[725306,725313)",44
1075,"[725327,725334)",63
1076,"[725583,725589)",20
1077,"[725868,725876)",15
1078,"[726801,726811)",18
1079,"[726821,726832)",2
1080,"[726873,726887)",7
1081,"[727159,727167)",8
1082,"[727849,727860)",2
1083,"[727955,727962)",63
1084,"[727976,727983)",63
1085,"[728073,728086)",17
1086,"[731546,731553)",61
1087,"[731938,731945)",144
1088,"[731945,731956)",2
1089,"[732067,732077)",18
1090,"[732086,732097)",2
1091,"[732161,732168)",63
1092,"[732196,732203)",44
1093,"[732228,732241)",17
1094,"[732548,732561)",17
1095,"[734085,734093)",15
1096,"[735590,735601)",2
1097,"[735681,735688)",44
1098,"[735709,735716)",63
1099,"[735818,735828)",70
1100,"[736300,736313)",69
1101,"[736635,736646)",2
1102,"[736715,736729)",82
1103,"[736780,736787)",63
1104,"[736868,736878)",70
1105,"[738135,738146)",2
1106,"[738187,738201)",82
1107,"[738512,738522)",70
1108,"[738615,738626)",84
1109,"[739120,739131)",2
1110,"[739172,739186)",82
1111,"[740274,740285)",2
1112,"[740354,740368)",82
1113,"[740419,740426)",63
1114,"[740809,740819)",70
1115,"[741085,741098)",69
1116,"[741361,741372)",2
1117,"[741413,741427)",82
1118,"[741591,741598)",63
1119,"[741700,741710)",70
1120,"[742173,742184)",2
1121,"[742225,742239)",82
1122,"[742332,742342)",70
1123,"[742459,742472)",70
1124,"[744005,744016)",2
1125,"[744112,744125)",17
1126,"[744917,744945)",145
1127,"[745426,745447)",67
1128,"[745512,745525)",17
1129,"[745735,745742)",15
1130,"[745993,746014)",67
1131,"[746709,746723)",82
1132,"[747424,747445)",67
1133,"[747678,747689)",2
1134,"[747937,747950)",17
1135,"[749395,749417)",67
1136,"[750229,750240)",2
1137,"[751038,751049)",2
1138,"[752321,752328)",63
1139,"[754957,754978)",67
1140,"[755623,755637)",82
1141,"[755646,755653)",63
1142,"[755835,755848)",17
1143,"[757599,757620)",67
1144,"[757991,758002)",2
1145,"[758043,758057)",58
1146,"[758093,758100)",44
1147,"[758144,758157)",17
1148,"[760923,760944)",67
1149,"[762410,762432)",146
1150,"[766391,766405)",147
1151,"[767641,767647)",10
1152,"[773251,773265)",147
1153,"[774841,774848)",53
1154,"[774996,775009)",148
1155,"[776877,776886)",42
1156,"[777162,777171)",42
1157,"[778281,778290)",42
1158,"[778712,778720)",8
1159,"[781623,781633)",18
1160,"[781642,781653)",2
1161,"[781812,781822)",70
1162,"[782640,782646)",101
1163,"[782934,782945)",149
1164,"[782978,782988)",19
1165,"[783403,783413)",18
1166,"[783560,783570)",70
1167,"[783879,783892)",70
1168,"[784894,784904)",18
1169,"[784913,784924)",2
1170,"[785122,785132)",70
1171,"[785987,786000)",69
1172,"[786324,786334)",18
1173,"[786343,786354)",2
1174,"[786633,786643)",70
1175,"[786780,786791)",84
1176,"[787170,787180)",18
1177,"[787189,787200)",2
1178,"[787349,787359)",70
1179,"[787476,787489)",69
1180,"[787806,787816)",18
1181,"[787825,787836)",2
1182,"[788408,788415)",122
1183,"[789505,789518)",69
1184,"[790595,790606)",2
1185,"[790815,790825)",70
1186,"[791167,791176)",11
1187,"[791646,791660)",82
1188,"[791761,791771)",70
1189,"[792366,792379)",72
1190,"[792434,792445)",2
1191,"[792647,792654)",63
1192,"[792783,792793)",70
1193,"[793371,793377)",150
1194,"[793821,793832)",2
1195,"[793873,793887)",82
1196,"[794139,794149)",70
1197,"[795885,795896)",2
1198,"[795965,795979)",151
1199,"[797056,797077)",67
1200,"[797371,797384)",17
1201,"[798959,798972)",49
1202,"[799126,799134)",8
1203,"[799348,799362)",82
1204,"[799466,799479)",17
1205,"[800803,800814)",152
1206,"[803552,803573)",67
1207,"[803635,803646)",2
1208,"[803786,803799)",17
1209,"[805364,805385)",67
1210,"[806332,806343)",2
1211,"[806503,806509)",20
1212,"[808188,808209)",67
1213,"[808678,808691)",17
1214,"[809614,809635)",67
1215,"[810048,810062)",82
1216,"[810262,810275)",17
1217,"[810941,810954)",153
1218,"[813191,813198)",35
1219,"[813593,813606)",17
1220,"[814610,814631)",67
1221,"[815345,815355)",70
1222,"[815627,815640)",69
1223,"[816132,816143)",2
1224,"[816542,816552)",70
1225,"[816707,816720)",70
1226,"[818179,818190)",2
1227,"[818850,818856)",53
1228,"[819199,819205)",53
1229,"[819222,819228)",53
1230,"[819245,819251)",53
1231,"[821667,821681)",54
1232,"[822004,822015)",2
1233,"[822056,822070)",82
1234,"[822328,822338)",70
1235,"[822522,822535)",69
1236,"[822755,822767)",154
1237,"[822842,822853)",2
1238,"[823016,823024)",155
1239,"[823201,823207)",53
1240,"[823260,823266)",53
1241,"[823997,824010)",17
1242,"[824444,824455)",2
1243,"[824496,824510)",135
1244,"[824614,824627)",17
1245,"[824739,824760)",67
1246,"[826272,826283)",2
1247,"[826417,826425)",105
1248,"[826966,826972)",53
1249,"[826972,826983)",2
1250,"[828961,828972)",2
1251,"[829040,829047)",87
1252,"[829063,829070)",44
1253,"[830621,830632)",84
1254,"[830889,830896)",56
1255,"[832034,832052)",156
1256,"[833979,833990)",2
1257,"[834063,834077)",82
1258,"[834263,834273)",70
1259,"[836316,836322)",150
1260,"[836635,836648)",70
1261,"[837178,837191)",17
1262,"[837260,837273)",17
1263,"[838076,838097)",67
1264,"[841213,841223)",70
1265,"[841577,841590)",70
1266,"[842091,842104)",17
1267,"[842225,842246)",67
1268,"[842836,842847)",2
1269,"[843094,843104)",70
1270,"[843344,843355)",84
1271,"[844909,844920)",2
1272,"[846588,846598)",20
1273,"[847974,847984)",113
1274,"[849511,849524)",70
1275,"[849954,849965)",2
1276,"[852929,852942)",70
1277,"[853211,853222)",2
1278,"[853338,853348)",70
1279,"[854106,854112)",150
1280,"[856510,856520)",70
1281,"[856567,856578)",84
1282,"[857293,857304)",2
1283,"[857798,857808)",70
1284,"[860622,860635)",69
1285,"[860944,860963)",157
1286,"[861116,861138)",158
1287,"[862112,862120)",22
1288,"[862821,862831)",70
1289,"[864655,864662)",122
1290,"[864863,864873)",70
1291,"[865564,865570)",53
1292,"[866180,866191)",2
1293,"[866458,866472)",5
1294,"[866599,866604)",21
1295,"[867416,867427)",2
1296,"[867596,867606)",70
1297,"[868424,868431)",122
1298,"[868445,868452)",96
1299,"[869295,869305)",159
1300,"[870596,870607)",160
1301,"[871769,871775)",101
1302,"[873250,873261)",2
1303,"[873469,873479)",70
1304,"[876069,876082)",69
1305,"[876112,876123)",2
1306,"[876192,876206)",82
1307,"[881366,881377)",2
1308,"[881418,881432)",82
1309,"[881521,881531)",70
1310,"[882954,882967)",70
1311,"[883948,883959)",2
1312,"[884028,884042)",82
1313,"[885063,885073)",70
1314,"[886158,886171)",69
1315,"[888556,888570)",82
1316,"[888625,888635)",70
1317,"[890340,890353)",69
1318,"[890743,890755)",161
1319,"[892391,892402)",2
1320,"[892622,892635)",17
1321,"[892824,892845)",67
1322,"[893341,893351)",70
1323,"[893819,893832)",69
1324,"[894030,894040)",70
1325,"[894458,894471)",69
1326,"[895245,895251)",53
1327,"[895518,895529)",2
1328,"[895738,895751)",17
1329,"[895845,895858)",49
1330,"[896002,896011)",11
1331,"[897179,897192)",70
1332,"[897564,897578)",135
1333,"[897641,897651)",70
1334,"[898290,898297)",122
1335,"[898312,898323)",84
1336,"[900608,900622)",5
1337,"[900699,900705)",53
1338,"[902013,902019)",53
1339,"[903018,903025)",44
1340,"[905103,905121)",162
1341,"[905144,905153)",90
1342,"[905231,905237)",53
1343,"[905264,905270)",53
1344,"[905647,905653)",53
1345,"[905925,905936)",2
1346,"[906056,906066)",70
1347,"[906237,906246)",90
1348,"[906876,906882)",101
1349,"[907462,907469)",122
1350,"[908123,908136)",70
1351,"[909013,909020)",53
1352,"[909047,909054)",53
1353,"[910216,910227)",33
1354,"[910291,910298)",44
1355,"[910866,910887)",67
1356,"[910976,910988)",161
1357,"[911233,911244)",2
