document_id,char_range,title_id,editors,date_electronic,date_print,origdate_id,canton
1,"[0,4351)",1,11,2018-12-12,2022-06-10,1,FR
2,"[4351,5921)",1,11,2018-12-12,2022-06-10,1,FR
3,"[5921,6229)",1,11,2019-03-20,2022-06-10,2,FR
4,"[6229,6450)",1,11,2019-10-14,2022-06-10,1,FR
5,"[6450,7477)",1,11,2019-10-14,2022-06-10,3,FR
6,"[7477,7825)",1,11,2019-10-14,2022-06-10,4,FR
7,"[7825,8027)",1,11,2019-10-14,2022-06-10,5,FR
8,"[8027,9552)",1,11,2019-10-14,2022-06-10,5,FR
9,"[9552,9865)",1,11,2019-10-14,2022-06-10,6,FR
10,"[9865,14065)",1,11,2019-10-14,2022-06-10,7,FR
11,"[14065,14503)",1,11,2019-10-14,2022-06-10,8,FR
12,"[14503,18604)",1,11,2019-10-14,2022-06-10,8,FR
13,"[18604,18930)",1,11,2019-10-14,2022-06-10,9,FR
14,"[18930,19760)",1,11,2019-10-14,2022-06-10,10,FR
15,"[19760,20027)",1,11,2019-10-14,2022-06-10,1,FR
16,"[20027,20292)",1,11,2019-10-14,2022-06-10,11,FR
17,"[20292,20461)",1,11,2019-10-14,2022-06-10,12,FR
18,"[20461,21048)",1,11,2019-10-14,2022-06-10,12,FR
19,"[21048,21291)",1,11,2019-10-14,2022-06-10,13,FR
20,"[21291,22843)",1,11,2019-10-14,2022-06-10,14,FR
21,"[22843,23139)",1,11,2019-10-14,2022-06-10,15,FR
22,"[23139,23291)",1,11,2019-10-14,2022-06-10,16,FR
23,"[23291,24808)",1,11,2019-10-14,2022-06-10,16,FR
24,"[24808,25102)",1,11,2019-10-14,2022-06-10,17,FR
25,"[25102,25438)",1,11,2019-10-14,2022-06-10,17,FR
26,"[25438,25782)",1,11,2019-10-14,2022-06-10,18,FR
27,"[25782,26669)",1,11,2019-10-14,2022-06-10,19,FR
28,"[26669,26890)",1,11,2019-10-14,2022-06-10,1,FR
29,"[26890,27439)",1,11,2019-10-14,2022-06-10,17,FR
30,"[27439,27597)",1,11,2019-10-14,2022-06-10,20,FR
31,"[27597,27785)",1,11,2019-10-14,2022-06-10,18,FR
32,"[27785,30816)",1,11,2019-10-14,2022-06-10,19,FR
33,"[30816,31110)",1,11,2019-10-14,2022-06-10,12,FR
34,"[31110,31311)",1,11,2019-10-14,2022-06-10,21,FR
35,"[31311,33048)",1,11,2019-10-14,2022-06-10,21,FR
36,"[33048,33390)",1,11,2019-10-14,2022-06-10,22,FR
37,"[33390,34731)",1,11,2019-10-14,2022-06-10,22,FR
38,"[34731,35450)",1,11,2019-10-14,2022-06-10,23,FR
39,"[35450,36011)",1,11,2019-10-14,2022-06-10,24,FR
40,"[36011,36327)",1,11,2019-10-14,2022-06-10,25,FR
41,"[36327,38906)",1,11,2019-10-14,2022-06-10,26,FR
42,"[38906,39231)",1,11,2019-10-14,2022-06-10,27,FR
43,"[39231,39543)",1,11,2019-10-14,2022-06-10,28,FR
44,"[39543,41626)",1,11,2019-10-14,2022-06-10,29,FR
45,"[41626,41911)",1,11,2019-10-14,2022-06-10,30,FR
46,"[41911,42065)",1,11,2019-10-14,2022-06-10,1,FR
47,"[42065,43347)",1,11,2019-10-14,2022-06-10,31,FR
48,"[43347,43561)",1,11,2019-10-14,2022-06-10,32,FR
49,"[43561,46501)",1,11,2019-10-14,2022-06-10,32,FR
50,"[46501,47043)",1,11,2019-10-14,2022-06-10,33,FR
51,"[47043,48302)",1,11,2019-10-14,2022-06-10,33,FR
52,"[48302,48504)",1,11,2019-10-14,2022-06-10,34,FR
53,"[48504,48844)",1,11,2019-10-14,2022-06-10,35,FR
54,"[48844,49111)",1,11,2019-10-14,2022-06-10,1,FR
55,"[49111,49317)",1,11,2019-10-14,2022-06-10,36,FR
56,"[49317,49484)",1,11,2019-10-14,2022-06-10,37,FR
57,"[49484,49999)",1,11,2019-10-14,2022-06-10,38,FR
58,"[49999,50185)",1,11,2019-10-14,2022-06-10,38,FR
59,"[50185,50373)",1,11,2019-10-14,2022-06-10,39,FR
60,"[50373,51293)",1,11,2019-10-14,2022-06-10,39,FR
61,"[51293,51435)",1,11,2019-10-14,2022-06-10,40,FR
62,"[51435,52381)",1,11,2019-10-14,2022-06-10,41,FR
63,"[52381,52652)",1,11,2019-10-14,2022-06-10,42,FR
64,"[52652,54688)",1,11,2019-10-14,2022-06-10,42,FR
65,"[54688,54993)",1,11,2019-10-14,2022-06-10,43,FR
66,"[54993,55169)",1,11,2019-10-14,2022-06-10,1,FR
67,"[55169,55690)",1,11,2019-10-14,2022-06-10,44,FR
68,"[55690,62224)",1,11,2019-10-14,2022-06-10,44,FR
69,"[62224,62456)",1,11,2019-10-14,2022-06-10,45,FR
70,"[62456,62885)",1,11,2019-10-14,2022-06-10,46,FR
71,"[62885,63351)",1,11,2019-10-14,2022-06-10,47,FR
72,"[63351,65496)",1,11,2019-10-14,2022-06-10,48,FR
73,"[65496,65749)",1,11,2017,2022-06-10,49,FR
74,"[65749,67703)",1,11,2017,2022-06-10,50,FR
75,"[67703,67909)",1,11,2020-09-22,2022-06-10,51,FR
76,"[67909,68198)",1,11,2020-09-22,2022-06-10,52,FR
77,"[68198,70075)",1,11,2020-09-22,2022-06-10,1,FR
78,"[70075,70368)",1,11,2020-09-22,2022-06-10,53,FR
79,"[70368,70990)",1,11,2020-09-22,2022-06-10,54,FR
80,"[70990,71490)",1,11,2020-09-22,2022-06-10,55,FR
81,"[71490,71649)",1,11,2020-09-22,2022-06-10,56,FR
82,"[71649,71809)",1,11,2020-09-22,2022-06-10,57,FR
83,"[71809,72077)",1,11,2020-09-22,2022-06-10,58,FR
84,"[72077,72546)",1,11,2020-09-22,2022-06-10,59,FR
85,"[72546,72946)",1,11,2020-09-22,2022-06-10,60,FR
86,"[72946,73253)",1,11,2020-09-22,2022-06-10,61,FR
87,"[73253,73413)",1,11,2020-09-22,2022-06-10,62,FR
88,"[73413,75119)",1,11,2020-09-22,2022-06-10,61,FR
89,"[75119,75461)",1,11,2020-09-22,2022-06-10,63,FR
90,"[75461,79283)",1,11,2020-09-22,2022-06-10,64,FR
91,"[79283,79573)",1,11,2020-09-22,2022-06-10,65,FR
92,"[79573,79787)",1,11,2020-09-22,2022-06-10,66,FR
93,"[79787,82291)",1,11,2020-09-22,2022-06-10,67,FR
94,"[82291,82713)",1,11,2020-09-22,2022-06-10,68,FR
95,"[82713,84999)",1,11,2020-09-22,2022-06-10,69,FR
96,"[84999,85165)",1,11,2020-09-22,2022-06-10,70,FR
97,"[85165,85512)",1,11,2020-09-22,2022-06-10,71,FR
98,"[85512,89907)",1,11,2020-09-22,2022-06-10,70,FR
99,"[89907,90074)",1,11,2020-09-22,2022-06-10,72,FR
100,"[90074,92574)",1,11,2020-09-22,2022-06-10,72,FR
101,"[92574,92774)",1,11,2020-09-22,2022-06-10,73,FR
102,"[92774,95574)",1,11,2020-09-22,2022-06-10,74,FR
103,"[95574,95854)",1,11,2020-09-22,2022-06-10,75,FR
104,"[95854,96575)",1,11,2020-09-22,2022-06-10,76,FR
105,"[96575,97442)",1,11,2020-09-22,2022-06-10,77,FR
106,"[97442,97720)",1,11,2020-09-22,2022-06-10,78,FR
107,"[97720,97881)",1,11,2020-09-22,2022-06-10,79,FR
108,"[97881,98175)",1,11,2020-09-22,2022-06-10,80,FR
109,"[98175,99206)",1,11,2020-09-22,2022-06-10,81,FR
110,"[99206,99460)",1,11,2020-09-22,2022-06-10,82,FR
111,"[99460,99635)",1,11,2020-09-22,2022-06-10,83,FR
112,"[99635,100123)",1,11,2020-09-22,2022-06-10,84,FR
113,"[100123,100853)",1,11,2020-09-22,2022-06-10,85,FR
114,"[100853,101270)",1,11,2020-09-22,2022-06-10,86,FR
115,"[101270,101640)",1,11,2020-09-22,2022-06-10,87,FR
116,"[101640,101970)",1,11,2020-09-22,2022-06-10,88,FR
117,"[101970,102396)",1,11,2020-09-22,2022-06-10,89,FR
118,"[102396,102603)",1,11,2020-09-22,2022-06-10,90,FR
119,"[102603,103087)",1,11,2020-09-22,2022-06-10,91,FR
120,"[103087,103254)",1,11,2020-09-22,2022-06-10,92,FR
121,"[103254,105480)",1,11,2020-09-22,2022-06-10,93,FR
122,"[105480,105984)",1,11,2020-09-22,2022-06-10,94,FR
123,"[105984,106292)",1,11,2020-09-22,2022-06-10,94,FR
124,"[106292,106483)",1,11,2020-09-22,2022-06-10,95,FR
125,"[106483,107063)",1,11,2020-09-22,2022-06-10,95,FR
126,"[107063,107282)",1,11,2020-09-22,2022-06-10,96,FR
127,"[107282,107474)",1,11,2020-09-22,2022-06-10,97,FR
128,"[107474,107710)",1,11,2020-09-22,2022-06-10,98,FR
129,"[107710,110952)",1,11,2020-09-22,2022-06-10,99,FR
130,"[110952,111436)",1,11,2020-09-22,2022-06-10,100,FR
131,"[111436,111800)",1,11,2020-09-22,2022-06-10,101,FR
132,"[111800,114472)",1,11,2020-09-22,2022-06-10,101,FR
133,"[114472,114993)",1,11,2020-09-22,2022-06-10,102,FR
134,"[114993,115317)",1,11,2020-09-22,2022-06-10,103,FR
135,"[115317,117758)",1,11,2020-09-22,2022-06-10,104,FR
136,"[117758,118595)",1,11,2020-09-22,2022-06-10,105,FR
137,"[118595,119398)",1,11,2020-09-22,2022-06-10,106,FR
138,"[119398,119837)",1,11,2020-09-22,2022-06-10,107,FR
139,"[119837,123684)",1,11,2020-09-22,2022-06-10,1,FR
140,"[123684,124062)",1,11,2020-09-22,2022-06-10,108,FR
141,"[124062,124329)",1,11,2020-09-22,2022-06-10,109,FR
142,"[124329,124697)",1,11,2020-09-22,2022-06-10,110,FR
143,"[124697,125053)",1,11,2020-09-22,2022-06-10,111,FR
144,"[125053,125376)",1,11,2020-09-22,2022-06-10,111,FR
145,"[125376,125963)",1,11,2020-09-22,2022-06-10,112,FR
146,"[125963,129993)",1,11,2020-09-22,2022-06-10,1,FR
147,"[129993,130396)",1,11,2020-09-22,2022-06-10,113,FR
148,"[130396,130837)",1,11,2020-09-22,2022-06-10,114,FR
149,"[130837,131003)",1,11,2020-09-22,2022-06-10,115,FR
150,"[131003,131631)",1,11,2020-09-22,2022-06-10,115,FR
151,"[131631,131854)",1,11,2020-09-22,2022-06-10,116,FR
152,"[131854,132252)",1,11,2020-09-22,2022-06-10,117,FR
153,"[132252,133423)",1,11,2020-09-22,2022-06-10,118,FR
154,"[133423,133733)",1,11,2020-09-22,2022-06-10,119,FR
155,"[133733,134074)",1,11,2020-09-22,2022-06-10,120,FR
156,"[134074,134477)",1,11,2020-09-22,2022-06-10,121,FR
157,"[134477,140344)",1,11,2018-12-12,2022-06-10,122,FR
158,"[140344,140560)",1,11,2018-12-12,2022-06-10,122,FR
159,"[140560,140781)",1,11,2020-09-22,2022-06-10,1,FR
160,"[140781,141026)",1,11,2020-09-22,2022-06-10,123,FR
161,"[141026,141368)",1,11,2020-09-22,2022-06-10,124,FR
162,"[141368,141830)",1,11,2020-09-22,2022-06-10,125,FR
163,"[141830,142248)",1,11,2020-09-22,2022-06-10,126,FR
164,"[142248,142523)",1,11,2020-09-22,2022-06-10,127,FR
165,"[142523,144059)",1,11,2020-09-22,2022-06-10,127,FR
166,"[144059,144244)",1,11,2020-09-22,2022-06-10,128,FR
167,"[144244,144552)",1,11,2020-09-22,2022-06-10,128,FR
168,"[144552,144725)",1,11,2020-09-22,2022-06-10,110,FR
169,"[144725,144946)",1,11,2020-09-22,2022-06-10,1,FR
170,"[144946,145092)",1,11,2020-09-22,2022-06-10,129,FR
171,"[145092,145985)",1,11,2020-09-22,2022-06-10,130,FR
172,"[145985,147809)",1,11,2020-09-22,2022-06-10,129,FR
173,"[147809,147962)",1,11,2020-09-22,2022-06-10,131,FR
174,"[147962,148174)",1,11,2020-09-22,2022-06-10,131,FR
175,"[148174,149265)",1,11,2020-09-22,2022-06-10,132,FR
176,"[149265,149479)",1,11,2020-09-22,2022-06-10,133,FR
177,"[149479,149633)",1,11,2020-09-22,2022-06-10,1,FR
178,"[149633,149856)",1,11,2020-09-22,2022-06-10,134,FR
179,"[149856,151731)",1,11,2020-09-22,2022-06-10,134,FR
180,"[151731,152033)",1,11,2020-09-22,2022-06-10,135,FR
181,"[152033,152411)",1,11,2020-09-22,2022-06-10,135,FR
182,"[152411,154477)",2,11,2020-09-22,2022-06-10,1,FR
183,"[154477,154714)",1,11,2020-09-22,2022-06-10,136,FR
184,"[154714,155203)",1,11,2020-09-22,2022-06-10,137,FR
185,"[155203,155379)",1,11,2020-09-22,2022-06-10,1,FR
186,"[155379,155557)",1,11,2020-09-22,2022-06-10,138,FR
187,"[155557,155743)",1,11,2020-09-22,2022-06-10,139,FR
188,"[155743,158590)",1,11,2020-09-22,2022-06-10,139,FR
189,"[158590,158837)",1,11,2020-09-22,2022-06-10,140,FR
190,"[158837,159410)",1,11,2020-09-22,2022-06-10,141,FR
191,"[159410,159648)",1,11,2020-09-22,2022-06-10,142,FR
192,"[159648,159927)",1,11,2020-09-22,2022-06-10,143,FR
193,"[159927,160194)",1,11,2020-09-22,2022-06-10,1,FR
194,"[160194,160571)",1,11,2020-09-22,2022-06-10,144,FR
195,"[160571,161380)",1,11,2020-09-22,2022-06-10,1,FR
196,"[161380,161782)",1,11,2020-09-22,2022-06-10,145,FR
197,"[161782,162067)",1,11,2020-09-22,2022-06-10,146,FR
198,"[162067,164112)",1,11,2020-09-22,2022-06-10,147,FR
199,"[164112,164559)",1,11,2020-09-22,2022-06-10,148,FR
200,"[164559,165453)",1,11,2020-09-22,2022-06-10,149,FR
201,"[165453,167335)",1,11,2020-09-22,2022-06-10,150,FR
202,"[167335,168320)",1,11,2020-09-22,2022-06-10,151,FR
203,"[168320,168587)",1,11,2020-09-22,2022-06-10,1,FR
204,"[168587,168762)",1,11,2020-09-22,2022-06-10,152,FR
205,"[168762,169255)",1,11,2020-09-22,2022-06-10,153,FR
206,"[169255,169530)",1,11,2020-09-22,2022-06-10,79,FR
207,"[169530,169853)",1,11,2020-09-22,2022-06-10,79,FR
208,"[169853,170227)",1,11,2020-09-22,2022-06-10,77,FR
209,"[170227,170371)",1,11,2020-09-22,2022-06-10,130,FR
210,"[170371,173389)",1,11,2020-09-22,2022-06-10,130,FR
211,"[173389,173862)",1,11,2020-09-22,2022-06-10,154,FR
212,"[173862,177315)",1,11,2020-09-22,2022-06-10,155,FR
213,"[177315,177722)",1,11,2020-09-22,2022-06-10,156,FR
214,"[177722,177945)",1,11,2020-09-22,2022-06-10,156,FR
215,"[177945,178099)",1,11,2020-09-22,2022-06-10,157,FR
216,"[178099,178231)",1,11,2020-09-22,2022-06-10,1,FR
217,"[178231,178795)",1,11,2020-09-22,2022-06-10,154,FR
218,"[178795,179053)",1,11,2020-09-22,2022-06-10,78,FR
219,"[179053,180845)",1,11,2020-09-22,2022-06-10,158,FR
220,"[180845,181009)",1,11,2020-09-22,2022-06-10,153,FR
221,"[181009,182088)",1,11,2020-09-22,2022-06-10,153,FR
222,"[182088,182244)",1,11,2020-09-22,2022-06-10,79,FR
223,"[182244,182580)",1,11,2020-09-22,2022-06-10,1,FR
224,"[182580,182756)",1,11,2020-09-22,2022-06-10,159,FR
225,"[182756,187203)",1,11,2020-09-22,2022-06-10,1,FR
226,"[187203,187786)",1,11,2020-09-22,2022-06-10,85,FR
227,"[187786,188138)",1,11,2020-09-22,2022-06-10,86,FR
228,"[188138,188492)",1,11,2020-09-22,2022-06-10,86,FR
229,"[188492,188749)",1,11,2020-09-22,2022-06-10,160,FR
230,"[188749,189447)",1,11,2020-09-22,2022-06-10,160,FR
231,"[189447,190382)",1,11,2020-09-22,2022-06-10,81,FR
232,"[190382,191805)",1,11,2020-09-22,2022-06-10,161,FR
233,"[191805,191985)",1,11,2020-09-22,2022-06-10,162,FR
234,"[191985,192533)",1,11,2020-09-22,2022-06-10,83,FR
235,"[192533,192902)",1,11,2020-09-22,2022-06-10,84,FR
236,"[192902,193336)",1,11,2020-09-22,2022-06-10,84,FR
237,"[193336,193533)",1,11,2020-09-22,2022-06-10,163,FR
238,"[193533,193731)",1,11,2020-09-22,2022-06-10,1,FR
239,"[193731,194143)",1,11,2020-09-22,2022-06-10,94,FR
240,"[194143,194492)",1,11,2020-09-22,2022-06-10,164,FR
241,"[194492,197944)",1,11,2020-09-22,2022-06-10,164,FR
242,"[197944,198366)",1,11,2020-09-22,2022-06-10,165,FR
243,"[198366,198902)",1,11,2020-09-22,2022-06-10,165,FR
244,"[198902,199112)",1,11,2020-09-22,2022-06-10,166,FR
245,"[199112,199353)",1,11,2020-09-22,2022-06-10,166,FR
246,"[199353,199604)",1,11,2020-09-22,2022-06-10,167,FR
247,"[199604,199813)",1,11,2020-09-22,2022-06-10,168,FR
248,"[199813,208177)",1,11,2018-12-12,2022-06-10,169,FR
249,"[208177,208353)",1,11,2018-12-12,2022-06-10,169,FR
250,"[208353,208551)",1,11,2020-09-22,2022-06-10,1,FR
251,"[208551,208702)",1,11,2020-09-22,2022-06-10,170,FR
252,"[208702,210062)",1,11,2020-09-22,2022-06-10,171,FR
253,"[210062,210462)",1,11,2020-09-22,2022-06-10,171,FR
254,"[210462,215605)",1,11,2020-09-22,2022-06-10,172,FR
255,"[215605,218180)",1,11,2020-09-22,2022-06-10,173,FR
256,"[218180,219568)",1,11,2020-09-22,2022-06-10,174,FR
257,"[219568,219722)",1,11,2020-09-22,2022-06-10,175,FR
258,"[219722,221972)",1,11,2020-09-22,2022-06-10,175,FR
259,"[221972,222144)",1,11,2020-09-22,2022-06-10,176,FR
260,"[222144,223538)",1,11,2020-09-22,2022-06-10,1,FR
261,"[223538,223885)",1,11,2020-09-22,2022-06-10,177,FR
262,"[223885,224496)",1,11,2020-09-22,2022-06-10,178,FR
263,"[224496,224769)",1,11,2020-09-22,2022-06-10,179,FR
264,"[224769,225615)",1,11,2020-09-22,2022-06-10,180,FR
265,"[225615,235855)",1,11,2020-09-22,2022-06-10,180,FR
266,"[235855,238695)",1,11,2020-09-22,2022-06-10,181,FR
267,"[238695,239473)",1,11,2020-09-22,2022-06-10,182,FR
268,"[239473,243239)",1,11,2020-09-22,2022-06-10,182,FR
269,"[243239,243982)",1,11,2020-09-22,2022-06-10,183,FR
270,"[243982,249214)",1,11,2020-09-22,2022-06-10,183,FR
271,"[249214,250161)",1,11,2020-09-22,2022-06-10,184,FR
272,"[250161,254136)",1,11,2020-09-22,2022-06-10,177,FR
273,"[254136,256288)",1,11,2020-09-22,2022-06-10,184,FR
274,"[256288,256822)",1,11,2020-09-22,2022-06-10,185,FR
275,"[256822,261144)",1,11,2020-09-22,2022-06-10,185,FR
276,"[261144,261622)",1,11,2020-09-22,2022-06-10,186,FR
277,"[261622,262700)",1,11,2020-09-22,2022-06-10,1,FR
278,"[262700,263457)",1,11,2020-09-22,2022-06-10,187,FR
279,"[263457,265395)",1,11,2020-09-22,2022-06-10,187,FR
280,"[265395,266300)",1,11,2020-09-22,2022-06-10,188,FR
281,"[266300,273099)",1,11,2020-09-22,2022-06-10,188,FR
282,"[273099,273920)",1,11,2020-09-22,2022-06-10,189,FR
283,"[273920,274092)",1,11,2020-09-22,2022-06-10,190,FR
284,"[274092,274390)",1,11,2020-09-22,2022-06-10,191,FR
285,"[274390,276033)",1,11,2020-09-22,2022-06-10,191,FR
286,"[276033,276554)",1,11,2020-09-22,2022-06-10,192,FR
287,"[276554,276861)",1,11,2020-09-22,2022-06-10,193,FR
288,"[276861,277100)",1,11,2020-09-22,2022-06-10,194,FR
289,"[277100,278586)",1,11,2020-09-22,2022-06-10,195,FR
290,"[278586,279322)",1,11,2020-09-22,2022-06-10,196,FR
291,"[279322,279782)",1,11,2020-09-22,2022-06-10,197,FR
292,"[279782,280200)",1,11,2020-09-22,2022-06-10,197,FR
293,"[280200,280450)",1,11,2020-09-22,2022-06-10,198,FR
294,"[280450,284268)",1,11,2020-09-22,2022-06-10,190,FR
295,"[284268,285027)",1,11,2020-09-22,2022-06-10,199,FR
296,"[285027,285302)",1,11,2020-09-22,2022-06-10,199,FR
297,"[285302,287750)",1,11,2020-09-22,2022-06-10,200,FR
298,"[287750,288343)",1,11,2020-09-22,2022-06-10,201,FR
299,"[288343,288601)",1,11,2020-09-22,2022-06-10,202,FR
300,"[288601,288907)",1,11,2020-09-22,2022-06-10,203,FR
301,"[288907,290080)",1,11,2020-09-22,2022-06-10,203,FR
302,"[290080,290378)",1,11,2020-09-22,2022-06-10,204,FR
303,"[290378,292403)",1,11,2020-09-22,2022-06-10,204,FR
304,"[292403,292686)",1,11,2020-09-22,2022-06-10,205,FR
305,"[292686,292900)",1,11,2020-09-22,2022-06-10,206,FR
306,"[292900,293332)",1,11,2020-09-22,2022-06-10,207,FR
307,"[293332,293504)",1,11,2020-09-22,2022-06-10,207,FR
308,"[293504,294531)",1,11,2020-09-22,2022-06-10,1,FR
309,"[294531,294678)",1,11,2020-09-22,2022-06-10,208,FR
310,"[294678,295158)",1,11,2020-09-22,2022-06-10,209,FR
311,"[295158,297021)",1,11,2020-09-22,2022-06-10,210,FR
312,"[297021,297277)",1,11,2020-09-22,2022-06-10,211,FR
313,"[297277,298972)",1,11,2020-09-22,2022-06-10,212,FR
314,"[298972,300683)",1,11,2020-09-22,2022-06-10,1,FR
315,"[300683,305105)",1,11,2020-09-22,2022-06-10,206,FR
316,"[305105,305313)",1,11,2020-09-22,2022-06-10,213,FR
317,"[305313,308895)",1,11,2020-09-22,2022-06-10,214,FR
318,"[308895,309298)",1,11,2020-09-22,2022-06-10,215,FR
319,"[309298,310714)",1,11,2020-09-22,2022-06-10,215,FR
320,"[310714,310958)",1,11,2020-09-22,2022-06-10,1,FR
321,"[310958,311175)",1,11,2020-09-22,2022-06-10,185,FR
322,"[311175,311750)",1,11,2020-09-22,2022-06-10,192,FR
323,"[311750,312080)",1,11,2020-09-22,2022-06-10,193,FR
324,"[312080,312364)",1,11,2020-09-22,2022-06-10,187,FR
325,"[312364,313339)",1,11,2020-09-22,2022-06-10,187,FR
326,"[313339,313824)",1,11,2020-09-22,2022-06-10,188,FR
327,"[313824,314358)",1,11,2020-09-22,2022-06-10,188,FR
328,"[314358,314749)",1,11,2020-09-22,2022-06-10,189,FR
329,"[314749,315199)",1,11,2020-09-22,2022-06-10,189,FR
330,"[315199,315453)",1,11,2020-09-22,2022-06-10,191,FR
331,"[315453,316209)",1,11,2020-09-22,2022-06-10,1,FR
332,"[316209,316775)",1,11,2020-09-22,2022-06-10,1,FR
333,"[316775,316986)",1,11,2020-09-22,2022-06-10,189,FR
334,"[316986,320608)",1,11,2020-09-22,2022-06-10,196,FR
335,"[320608,321186)",1,11,2020-09-22,2022-06-10,197,FR
336,"[321186,324745)",1,11,2020-09-22,2022-06-10,199,FR
337,"[324745,325395)",1,11,2020-09-22,2022-06-10,199,FR
338,"[325395,328624)",1,11,2020-09-22,2022-06-10,216,FR
339,"[328624,329218)",1,11,2020-09-22,2022-06-10,217,FR
340,"[329218,330208)",2,11,2020-09-22,2022-06-10,218,FR
341,"[330208,330626)",1,11,2020-09-22,2022-06-10,200,FR
342,"[330626,330895)",1,11,2020-09-22,2022-06-10,201,FR
343,"[330895,333945)",1,11,2020-09-22,2022-06-10,1,FR
344,"[333945,334263)",1,11,2020-09-22,2022-06-10,192,FR
345,"[334263,334721)",1,11,2020-09-22,2022-06-10,219,FR
346,"[334721,335372)",1,11,2020-09-22,2022-06-10,202,FR
347,"[335372,335703)",1,11,2020-09-22,2022-06-10,220,FR
348,"[335703,337834)",1,11,2020-09-22,2022-06-10,220,FR
349,"[337834,338047)",1,11,2020-09-22,2022-06-10,221,FR
350,"[338047,338421)",1,11,2020-09-22,2022-06-10,222,FR
351,"[338421,338701)",1,11,2020-09-22,2022-06-10,223,FR
352,"[338701,339320)",1,11,2020-09-22,2022-06-10,223,FR
353,"[339320,339802)",1,11,2020-09-22,2022-06-10,224,FR
354,"[339802,342113)",1,11,2020-09-22,2022-06-10,195,FR
355,"[342113,342599)",1,11,2020-09-22,2022-06-10,196,FR
356,"[342599,343096)",1,11,2020-09-22,2022-06-10,1,FR
357,"[343096,343290)",1,11,2020-09-22,2022-06-10,203,FR
358,"[343290,345593)",1,11,2020-09-22,2022-06-10,225,FR
359,"[345593,345911)",1,11,2020-09-22,2022-06-10,226,FR
360,"[345911,348380)",1,11,2020-09-22,2022-06-10,227,FR
361,"[348380,348561)",1,11,2020-09-22,2022-06-10,228,FR
362,"[348561,351265)",1,11,2020-09-22,2022-06-10,228,FR
363,"[351265,351548)",1,11,2020-09-22,2022-06-10,229,FR
364,"[351548,352228)",1,11,2020-09-22,2022-06-10,229,FR
365,"[352228,352370)",1,11,2020-09-22,2022-06-10,230,FR
366,"[352370,353499)",1,11,2020-09-22,2022-06-10,231,FR
367,"[353499,353656)",1,11,2020-09-22,2022-06-10,205,FR
368,"[353656,353906)",1,11,2020-09-22,2022-06-10,232,FR
369,"[353906,355690)",1,11,2020-09-22,2022-06-10,1,FR
370,"[355690,355939)",1,11,2020-09-22,2022-06-10,233,FR
371,"[355939,356167)",1,11,2020-09-22,2022-06-10,234,FR
372,"[356167,356369)",1,11,2020-09-22,2022-06-10,235,FR
373,"[356369,359359)",1,11,2020-09-22,2022-06-10,235,FR
374,"[359359,359698)",1,11,2020-09-22,2022-06-10,236,FR
375,"[359698,360159)",1,11,2020-09-22,2022-06-10,237,FR
376,"[360159,360338)",1,11,2020-09-22,2022-06-10,225,FR
377,"[360338,361065)",1,11,2020-09-22,2022-06-10,1,FR
378,"[361065,361279)",1,11,2020-09-22,2022-06-10,238,FR
379,"[361279,362225)",1,11,2020-09-22,2022-06-10,239,FR
380,"[362225,363849)",1,11,2020-09-22,2022-06-10,210,FR
381,"[363849,364096)",1,11,2020-09-22,2022-06-10,211,FR
382,"[364096,364462)",1,11,2020-09-22,2022-06-10,212,FR
383,"[364462,368786)",1,11,2020-09-22,2022-06-10,212,FR
384,"[368786,369211)",1,11,2020-09-22,2022-06-10,240,FR
385,"[369211,371495)",1,11,2020-09-22,2022-06-10,241,FR
386,"[371495,371817)",1,11,2020-09-22,2022-06-10,242,FR
387,"[371817,373565)",1,11,2020-09-22,2022-06-10,243,FR
388,"[373565,373990)",1,11,2020-09-22,2022-06-10,244,FR
389,"[373990,386967)",1,11,2020-09-22,2022-06-10,1,FR
390,"[386967,387347)",1,11,2020-09-22,2022-06-10,245,FR
391,"[387347,391068)",1,11,2020-09-22,2022-06-10,245,FR
392,"[391068,391340)",1,11,2020-09-22,2022-06-10,246,FR
393,"[391340,391583)",1,11,2020-09-22,2022-06-10,247,FR
394,"[391583,395939)",1,11,2020-09-22,2022-06-10,247,FR
395,"[395939,396151)",1,11,2020-09-22,2022-06-10,248,FR
396,"[396151,397238)",1,11,2020-09-22,2022-06-10,248,FR
397,"[397238,397389)",1,11,2020-09-22,2022-06-10,249,FR
398,"[397389,397541)",1,11,2020-09-22,2022-06-10,250,FR
399,"[397541,399771)",1,11,2020-09-22,2022-06-10,1,FR
400,"[399771,401054)",1,11,2020-09-22,2022-06-10,251,FR
401,"[401054,402134)",1,11,2020-09-22,2022-06-10,250,FR
402,"[402134,402270)",1,11,2020-09-22,2022-06-10,252,FR
403,"[402270,405849)",1,11,2020-09-22,2022-06-10,252,FR
404,"[405849,406131)",1,11,2020-09-22,2022-06-10,253,FR
405,"[406131,407612)",1,11,2020-09-22,2022-06-10,253,FR
406,"[407612,408031)",1,11,2020-09-22,2022-06-10,239,FR
407,"[408031,408551)",1,11,2020-09-22,2022-06-10,1,FR
408,"[408551,408810)",1,11,2020-09-22,2022-06-10,254,FR
409,"[408810,409075)",1,11,2020-09-22,2022-06-10,255,FR
410,"[409075,409454)",1,11,2020-09-22,2022-06-10,256,FR
411,"[409454,410378)",1,11,2020-09-22,2022-06-10,257,FR
412,"[410378,410560)",1,11,2020-09-22,2022-06-10,258,FR
413,"[410560,411756)",1,11,2020-09-22,2022-06-10,258,FR
414,"[411756,412336)",1,11,2020-09-22,2022-06-10,259,FR
415,"[412336,412524)",1,11,2020-09-22,2022-06-10,260,FR
416,"[412524,413773)",1,11,2020-09-22,2022-06-10,260,FR
417,"[413773,414327)",1,11,2020-09-22,2022-06-10,261,FR
418,"[414327,415797)",1,11,2020-09-22,2022-06-10,262,FR
419,"[415797,418628)",1,11,2020-09-22,2022-06-10,261,FR
420,"[418628,419218)",1,11,2020-09-22,2022-06-10,263,FR
421,"[419218,419658)",1,11,2020-09-22,2022-06-10,264,FR
422,"[419658,420168)",1,11,2020-09-22,2022-06-10,265,FR
423,"[420168,420528)",1,11,2020-09-22,2022-06-10,266,FR
424,"[420528,420870)",1,11,2020-09-22,2022-06-10,267,FR
425,"[420870,421051)",1,11,2020-09-22,2022-06-10,268,FR
426,"[421051,421319)",1,11,2020-09-22,2022-06-10,269,FR
427,"[421319,422583)",1,11,2020-09-22,2022-06-10,269,FR
428,"[422583,422969)",1,11,2020-09-22,2022-06-10,270,FR
429,"[422969,423390)",1,11,2020-09-22,2022-06-10,271,FR
430,"[423390,424048)",1,11,2020-09-22,2022-06-10,1,FR
431,"[424048,424645)",1,11,2020-09-22,2022-06-10,236,FR
432,"[424645,425000)",1,11,2020-09-22,2022-06-10,272,FR
433,"[425000,428732)",1,11,2020-09-22,2022-06-10,272,FR
434,"[428732,428993)",1,11,2020-09-22,2022-06-10,273,FR
435,"[428993,429540)",1,11,2020-09-22,2022-06-10,274,FR
436,"[429540,430364)",1,11,2020-09-22,2022-06-10,274,FR
437,"[430364,430992)",1,11,2020-09-22,2022-06-10,268,FR
438,"[430992,431372)",1,11,2020-09-22,2022-06-10,275,FR
439,"[431372,431632)",1,11,2020-09-22,2022-06-10,276,FR
440,"[431632,432173)",1,11,2020-09-22,2022-06-10,277,FR
441,"[432173,432328)",1,11,2020-09-22,2022-06-10,278,FR
442,"[432328,432618)",1,11,2020-09-22,2022-06-10,225,FR
443,"[432618,432830)",1,11,2020-09-22,2022-06-10,279,FR
444,"[432830,432976)",1,11,2020-09-22,2022-06-10,280,FR
445,"[432976,433297)",1,11,2020-09-22,2022-06-10,281,FR
446,"[433297,433646)",1,11,2020-09-22,2022-06-10,282,FR
447,"[433646,434370)",1,11,2020-09-22,2022-06-10,283,FR
448,"[434370,435147)",1,11,2020-09-22,2022-06-10,284,FR
449,"[435147,435643)",1,11,2020-09-22,2022-06-10,285,FR
450,"[435643,435869)",1,11,2020-09-22,2022-06-10,286,FR
451,"[435869,436212)",1,11,2020-09-22,2022-06-10,287,FR
452,"[436212,436724)",1,11,2020-09-22,2022-06-10,288,FR
453,"[436724,437384)",1,11,2020-09-22,2022-06-10,289,FR
454,"[437384,437608)",1,11,2020-09-22,2022-06-10,229,FR
455,"[437608,437782)",1,11,2020-09-22,2022-06-10,290,FR
456,"[437782,442858)",1,11,2020-09-22,2022-06-10,291,FR
457,"[442858,443183)",1,11,2020-09-22,2022-06-10,233,FR
458,"[443183,446352)",1,11,2020-09-22,2022-06-10,233,FR
459,"[446352,446484)",1,11,2020-09-22,2022-06-10,1,FR
460,"[446484,446797)",1,11,2020-09-22,2022-06-10,292,FR
461,"[446797,448967)",1,11,2020-09-22,2022-06-10,293,FR
462,"[448967,449193)",1,11,2020-09-22,2022-06-10,293,FR
463,"[449193,449586)",1,11,2020-09-22,2022-06-10,294,FR
464,"[449586,453528)",1,11,2020-09-22,2022-06-10,295,FR
465,"[453528,454116)",1,11,2020-09-22,2022-06-10,296,FR
466,"[454116,454490)",1,11,2020-09-22,2022-06-10,297,FR
467,"[454490,454760)",1,11,2020-09-22,2022-06-10,298,FR
468,"[454760,457598)",1,11,2020-09-22,2022-06-10,1,FR
469,"[457598,457927)",1,11,2020-09-22,2022-06-10,299,FR
470,"[457927,458405)",1,11,2018-12-12,2022-06-10,300,FR
471,"[458405,466099)",1,11,2018-12-12,2022-06-10,1,FR
472,"[466099,466525)",1,11,2018-12-12,2022-06-10,301,FR
473,"[466525,467114)",1,11,2020-09-22,2022-06-10,1,FR
474,"[467114,467277)",1,11,2020-09-22,2022-06-10,280,FR
475,"[467277,467560)",1,11,2020-09-22,2022-06-10,302,FR
476,"[467560,473742)",1,11,2020-09-22,2022-06-10,302,FR
477,"[473742,474064)",1,11,2020-09-22,2022-06-10,303,FR
478,"[474064,478416)",1,11,2020-09-22,2022-06-10,303,FR
479,"[478416,478664)",1,11,2020-09-22,2022-06-10,304,FR
480,"[478664,482067)",1,11,2020-09-22,2022-06-10,1,FR
481,"[482067,482600)",1,11,2020-09-22,2022-06-10,305,FR
482,"[482600,485230)",1,11,2020-09-22,2022-06-10,305,FR
483,"[485230,486002)",1,11,2020-09-22,2022-06-10,306,FR
484,"[486002,486884)",1,11,2020-09-22,2022-06-10,306,FR
485,"[486884,490287)",1,11,2020-09-22,2022-06-10,280,FR
486,"[490287,490590)",1,11,2020-09-22,2022-06-10,307,FR
487,"[490590,493339)",1,11,2020-09-22,2022-06-10,308,FR
488,"[493339,493715)",1,11,2020-09-22,2022-06-10,309,FR
489,"[493715,495040)",1,11,2020-09-22,2022-06-10,1,FR
490,"[495040,495488)",1,11,2020-09-22,2022-06-10,310,FR
491,"[495488,495693)",1,11,2020-09-22,2022-06-10,311,FR
492,"[495693,497169)",1,11,2020-09-22,2022-06-10,312,FR
493,"[497169,497363)",1,11,2020-09-22,2022-06-10,313,FR
494,"[497363,498148)",1,11,2020-09-22,2022-06-10,314,FR
495,"[498148,498354)",1,11,2020-09-22,2022-06-10,315,FR
496,"[498354,501320)",1,11,2020-09-22,2022-06-10,315,FR
497,"[501320,501580)",1,11,2020-09-22,2022-06-10,316,FR
498,"[501580,504374)",1,11,2020-09-22,2022-06-10,317,FR
499,"[504374,504641)",1,11,2020-09-22,2022-06-10,1,FR
500,"[504641,506774)",1,11,2020-09-22,2022-06-10,318,FR
501,"[506774,507222)",1,11,2020-09-22,2022-06-10,319,FR
502,"[507222,508910)",1,11,2020-09-22,2022-06-10,319,FR
503,"[508910,509276)",1,11,2020-09-22,2022-06-10,320,FR
504,"[509276,512905)",1,11,2020-09-22,2022-06-10,320,FR
505,"[512905,513210)",1,11,2020-09-22,2022-06-10,312,FR
506,"[513210,513572)",1,11,2020-09-22,2022-06-10,321,FR
507,"[513572,517005)",1,11,2020-09-22,2022-06-10,321,FR
508,"[517005,517201)",1,11,2020-09-22,2022-06-10,322,FR
509,"[517201,517413)",1,11,2020-09-22,2022-06-10,323,FR
510,"[517413,517617)",1,11,2020-09-22,2022-06-10,324,FR
511,"[517617,517907)",1,11,2020-09-22,2022-06-10,1,FR
512,"[517907,518172)",1,11,2020-09-22,2022-06-10,325,FR
513,"[518172,518460)",1,11,2020-09-22,2022-06-10,326,FR
514,"[518460,519694)",1,11,2020-09-22,2022-06-10,326,FR
515,"[519694,520170)",1,11,2020-09-22,2022-06-10,327,FR
516,"[520170,520395)",1,11,2020-09-22,2022-06-10,328,FR
517,"[520395,520666)",1,11,2020-09-22,2022-06-10,329,FR
518,"[520666,522574)",1,11,2020-09-22,2022-06-10,330,FR
519,"[522574,522963)",1,11,2020-09-22,2022-06-10,331,FR
520,"[522963,524359)",1,11,2020-09-22,2022-06-10,331,FR
521,"[524359,524799)",1,11,2020-09-22,2022-06-10,332,FR
522,"[524799,525279)",1,11,2020-09-22,2022-06-10,333,FR
523,"[525279,525736)",1,11,2020-09-22,2022-06-10,334,FR
524,"[525736,526120)",1,11,2020-09-22,2022-06-10,335,FR
525,"[526120,526663)",1,11,2020-09-22,2022-06-10,1,FR
526,"[526663,526893)",1,11,2020-09-22,2022-06-10,325,FR
527,"[526893,527349)",2,11,2020-09-22,2022-06-10,336,FR
528,"[527349,527867)",1,11,2020-09-22,2022-06-10,336,FR
529,"[527867,528204)",1,11,2020-09-22,2022-06-10,337,FR
530,"[528204,528562)",1,11,2020-09-22,2022-06-10,335,FR
531,"[528562,529071)",1,11,2020-09-22,2022-06-10,335,FR
532,"[529071,529530)",1,11,2020-09-22,2022-06-10,326,FR
533,"[529530,530098)",1,11,2020-09-22,2022-06-10,338,FR
534,"[530098,530928)",1,11,2020-09-22,2022-06-10,339,FR
535,"[530928,531348)",1,11,2020-09-22,2022-06-10,340,FR
536,"[531348,531615)",1,11,2020-09-22,2022-06-10,341,FR
537,"[531615,531912)",1,11,2020-09-22,2022-06-10,329,FR
538,"[531912,535895)",1,11,2020-09-22,2022-06-10,341,FR
539,"[535895,536329)",1,11,2020-09-22,2022-06-10,342,FR
540,"[536329,539395)",1,11,2020-09-22,2022-06-10,342,FR
541,"[539395,539632)",1,11,2020-09-22,2022-06-10,343,FR
542,"[539632,539856)",1,11,2020-09-22,2022-06-10,344,FR
543,"[539856,542754)",1,11,2020-09-22,2022-06-10,330,FR
544,"[542754,543194)",1,11,2020-09-22,2022-06-10,331,FR
545,"[543194,544854)",1,11,2020-09-22,2022-06-10,332,FR
546,"[544854,545256)",1,11,2020-09-22,2022-06-10,345,FR
547,"[545256,547685)",1,11,2020-09-22,2022-06-10,333,FR
548,"[547685,548074)",1,11,2020-09-22,2022-06-10,334,FR
549,"[548074,549823)",1,11,2020-09-22,2022-06-10,334,FR
550,"[549823,550067)",1,11,2020-09-22,2022-06-10,1,FR
551,"[550067,550353)",1,11,2020-09-22,2022-06-10,346,FR
552,"[550353,550703)",1,11,2020-09-22,2022-06-10,326,FR
553,"[550703,553413)",1,11,2020-09-22,2022-06-10,330,FR
554,"[553413,553904)",1,11,2020-09-22,2022-06-10,331,FR
555,"[553904,554636)",1,11,2020-09-22,2022-06-10,331,FR
556,"[554636,554878)",1,11,2020-09-22,2022-06-10,332,FR
557,"[554878,556725)",1,11,2020-09-22,2022-06-10,332,FR
558,"[556725,557008)",1,11,2020-09-22,2022-06-10,345,FR
559,"[557008,557191)",1,11,2020-09-22,2022-06-10,333,FR
560,"[557191,557575)",1,11,2020-09-22,2022-06-10,335,FR
561,"[557575,557911)",1,11,2020-09-22,2022-06-10,1,FR
562,"[557911,558207)",1,11,2020-09-22,2022-06-10,346,FR
563,"[558207,558553)",1,11,2020-09-22,2022-06-10,335,FR
564,"[558553,561155)",1,11,2020-09-22,2022-06-10,335,FR
565,"[561155,561589)",1,11,2020-09-22,2022-06-10,326,FR
566,"[561589,564208)",1,11,2020-09-22,2022-06-10,1,FR
567,"[564208,564637)",1,11,2020-09-22,2022-06-10,327,FR
568,"[564637,564862)",1,11,2020-09-22,2022-06-10,328,FR
569,"[564862,570106)",1,11,2020-09-22,2022-06-10,330,FR
570,"[570106,570872)",1,11,2020-09-22,2022-06-10,331,FR
571,"[570872,571780)",1,11,2020-09-22,2022-06-10,331,FR
572,"[571780,572139)",1,11,2020-09-22,2022-06-10,332,FR
573,"[572139,573360)",1,11,2020-09-22,2022-06-10,333,FR
574,"[573360,573655)",1,11,2020-09-22,2022-06-10,334,FR
575,"[573655,574258)",1,11,2020-09-22,2022-06-10,334,FR
576,"[574258,574826)",1,11,2020-09-22,2022-06-10,336,FR
577,"[574826,575002)",1,11,2020-09-22,2022-06-10,1,FR
578,"[575002,575578)",1,11,2020-09-22,2022-06-10,336,FR
579,"[575578,575995)",1,11,2020-09-22,2022-06-10,335,FR
580,"[575995,578988)",1,11,2020-09-22,2022-06-10,326,FR
581,"[578988,579351)",1,11,2020-09-22,2022-06-10,327,FR
582,"[579351,581799)",1,11,2020-09-22,2022-06-10,327,FR
583,"[581799,582010)",1,11,2020-09-22,2022-06-10,297,FR
584,"[582010,583007)",1,11,2020-09-22,2022-06-10,297,FR
585,"[583007,583177)",1,11,2020-09-22,2022-06-10,347,FR
586,"[583177,586105)",1,11,2020-09-22,2022-06-10,348,FR
587,"[586105,586539)",1,11,2020-09-22,2022-06-10,349,FR
588,"[586539,586875)",1,11,2020-09-22,2022-06-10,1,FR
589,"[586875,587335)",1,11,2020-09-22,2022-06-10,350,FR
590,"[587335,587755)",1,11,2020-09-22,2022-06-10,299,FR
591,"[587755,588932)",1,11,2020-09-22,2022-06-10,299,FR
592,"[588932,589297)",1,11,2020-09-22,2022-06-10,351,FR
593,"[589297,589834)",1,11,2020-09-22,2022-06-10,351,FR
594,"[589834,591128)",1,11,2020-09-22,2022-06-10,1,FR
595,"[591128,591464)",1,11,2020-09-22,2022-06-10,352,FR
596,"[591464,591810)",1,11,2020-09-22,2022-06-10,353,FR
597,"[591810,595133)",1,11,2020-09-22,2022-06-10,353,FR
598,"[595133,595625)",1,11,2020-09-22,2022-06-10,354,FR
599,"[595625,595901)",1,11,2020-09-22,2022-06-10,355,FR
600,"[595901,602697)",1,11,2020-09-22,2022-06-10,356,FR
601,"[602697,603231)",1,11,2020-09-22,2022-06-10,298,FR
602,"[603231,603507)",1,11,2020-09-22,2022-06-10,357,FR
603,"[603507,605784)",1,11,2020-09-22,2022-06-10,357,FR
604,"[605784,606258)",2,11,2020-09-22,2022-06-10,1,FR
605,"[606258,606502)",1,11,2020-09-22,2022-06-10,358,FR
606,"[606502,607191)",1,11,2020-09-22,2022-06-10,359,FR
607,"[607191,611965)",1,11,2020-09-22,2022-06-10,359,FR
608,"[611965,612284)",1,11,2020-09-22,2022-06-10,360,FR
609,"[612284,612569)",1,11,2020-09-22,2022-06-10,361,FR
610,"[612569,625791)",1,11,2020-09-22,2022-06-10,361,FR
611,"[625791,626980)",1,11,2020-09-22,2022-06-10,362,FR
612,"[626980,629806)",1,11,2020-09-22,2022-06-10,1,FR
613,"[629806,630012)",1,11,2020-09-22,2022-06-10,363,FR
614,"[630012,631168)",1,11,2020-09-22,2022-06-10,1,FR
615,"[631168,631653)",1,11,2020-09-22,2022-06-10,324,FR
616,"[631653,631840)",1,11,2020-09-22,2022-06-10,364,FR
617,"[631840,632420)",1,11,2020-09-22,2022-06-10,318,FR
618,"[632420,632739)",1,11,2020-09-22,2022-06-10,319,FR
619,"[632739,634430)",1,11,2020-09-22,2022-06-10,364,FR
620,"[634430,634665)",1,11,2020-09-22,2022-06-10,365,FR
621,"[634665,634921)",1,11,2020-09-22,2022-06-10,366,FR
622,"[634921,636122)",1,11,2020-09-22,2022-06-10,366,FR
623,"[636122,636261)",1,11,2020-09-22,2022-06-10,367,FR
624,"[636261,639100)",1,11,2020-09-22,2022-06-10,367,FR
625,"[639100,640733)",1,11,2019-03-20,2022-06-10,368,FR
626,"[640733,640954)",1,11,2020-11-24,2022-06-10,1,FR
627,"[640954,641823)",1,11,2020-11-24,2022-06-10,369,FR
628,"[641823,642144)",1,11,2020-11-24,2022-06-10,370,FR
629,"[642144,646692)",1,11,2020-11-24,2022-06-10,1,FR
630,"[646692,647939)",1,11,2020-11-24,2022-06-10,371,FR
631,"[647939,651120)",1,11,2020-11-24,2022-06-10,1,FR
632,"[651120,651733)",1,11,2020-11-24,2022-06-10,372,FR
633,"[651733,655459)",1,11,2020-11-24,2022-06-10,1,FR
634,"[655459,655972)",1,11,2020-11-24,2022-06-10,373,FR
635,"[655972,656601)",1,11,2020-11-24,2022-06-10,374,FR
636,"[656601,656847)",1,11,2020-11-24,2022-06-10,374,FR
637,"[656847,657068)",1,11,2020-11-24,2022-06-10,1,FR
638,"[657068,657304)",1,11,2020-11-24,2022-06-10,375,FR
639,"[657304,659024)",1,11,2020-11-24,2022-06-10,376,FR
640,"[659024,659413)",1,11,2020-11-24,2022-06-10,377,FR
641,"[659413,660821)",1,11,2020-11-24,2022-06-10,377,FR
642,"[660821,663595)",1,11,2020-11-24,2022-06-10,378,FR
643,"[663595,663909)",1,11,2020-11-24,2022-06-10,379,FR
644,"[663909,666247)",1,11,2020-11-24,2022-06-10,379,FR
645,"[666247,667301)",1,11,2020-11-24,2022-06-10,380,FR
646,"[667301,668527)",1,11,2020-11-24,2022-06-10,1,FR
647,"[668527,668829)",1,11,2020-11-24,2022-06-10,381,FR
648,"[668829,669602)",1,11,2020-11-24,2022-06-10,1,FR
649,"[669602,669780)",1,11,2020-11-24,2022-06-10,381,FR
650,"[669780,670585)",1,11,2020-11-24,2022-06-10,382,FR
651,"[670585,671677)",1,11,2020-11-24,2022-06-10,382,FR
652,"[671677,672481)",1,11,2020-11-24,2022-06-10,383,FR
653,"[672481,673460)",1,11,2020-11-24,2022-06-10,1,FR
654,"[673460,674024)",1,11,2020-11-24,2022-06-10,384,FR
655,"[674024,674985)",1,11,2020-11-24,2022-06-10,385,FR
656,"[674985,675621)",1,11,2020-11-24,2022-06-10,386,FR
657,"[675621,675789)",1,11,2020-11-24,2022-06-10,387,FR
658,"[675789,676058)",1,11,2020-11-24,2022-06-10,388,FR
659,"[676058,677354)",1,11,2020-11-24,2022-06-10,1,FR
660,"[677354,677798)",1,11,2020-11-24,2022-06-10,389,FR
661,"[677798,677940)",1,11,2020-11-24,2022-06-10,390,FR
662,"[677940,678178)",1,11,2020-11-24,2022-06-10,391,FR
663,"[678178,680548)",1,11,2020-11-24,2022-06-10,391,FR
664,"[680548,680931)",1,11,2020-11-24,2022-06-10,392,FR
665,"[680931,682331)",1,11,2020-11-24,2022-06-10,393,FR
666,"[682331,682765)",1,11,2020-11-24,2022-06-10,394,FR
667,"[682765,685698)",1,11,2020-11-24,2022-06-10,394,FR
668,"[685698,686131)",1,11,2020-11-24,2022-06-10,395,FR
669,"[686131,687741)",1,11,2020-11-24,2022-06-10,1,FR
670,"[687741,688073)",1,11,2020-11-24,2022-06-10,396,FR
671,"[688073,689834)",1,11,2020-11-24,2022-06-10,389,FR
672,"[689834,690585)",1,11,2020-11-24,2022-06-10,397,FR
673,"[690585,690826)",1,11,2020-11-24,2022-06-10,398,FR
674,"[690826,691457)",1,11,2020-11-24,2022-06-10,1,FR
675,"[691457,691806)",1,11,2020-11-24,2022-06-10,399,FR
676,"[691806,692529)",1,11,2020-11-24,2022-06-10,400,FR
677,"[692529,692977)",1,11,2020-11-24,2022-06-10,401,FR
678,"[692977,695720)",1,11,2020-11-24,2022-06-10,401,FR
679,"[695720,696284)",1,11,2020-11-24,2022-06-10,402,FR
680,"[696284,700437)",1,11,2020-11-24,2022-06-10,402,FR
681,"[700437,700826)",1,11,2020-11-24,2022-06-10,403,FR
682,"[700826,705106)",1,11,2020-11-24,2022-06-10,404,FR
683,"[705106,705350)",1,11,2020-11-24,2022-06-10,1,FR
684,"[705350,705668)",1,11,2020-11-24,2022-06-10,382,FR
685,"[705668,706710)",1,11,2020-11-24,2022-06-10,1,FR
686,"[706710,707473)",1,11,2020-11-24,2022-06-10,405,FR
687,"[707473,708648)",1,11,2020-11-24,2022-06-10,382,FR
688,"[708648,709092)",1,11,2020-11-24,2022-06-10,383,FR
689,"[709092,712653)",1,11,2020-11-24,2022-06-10,383,FR
690,"[712653,713067)",1,11,2020-11-24,2022-06-10,384,FR
691,"[713067,716350)",1,11,2020-11-24,2022-06-10,384,FR
692,"[716350,716803)",1,11,2020-11-24,2022-06-10,406,FR
693,"[716803,718409)",1,11,2020-11-24,2022-06-10,406,FR
694,"[718409,718916)",1,11,2020-11-24,2022-06-10,386,FR
695,"[718916,719206)",1,11,2020-11-24,2022-06-10,1,FR
696,"[719206,719777)",1,11,2020-11-24,2022-06-10,395,FR
697,"[719777,720071)",1,11,2020-11-24,2022-06-10,283,FR
698,"[720071,720281)",1,11,2020-11-24,2022-06-10,407,FR
699,"[720281,720648)",1,11,2020-11-24,2022-06-10,408,FR
700,"[720648,721133)",1,11,2020-11-24,2022-06-10,409,FR
701,"[721133,721809)",1,11,2020-11-24,2022-06-10,398,FR
702,"[721809,723469)",1,11,2020-11-24,2022-06-10,398,FR
703,"[723469,723913)",1,11,2020-11-24,2022-06-10,399,FR
704,"[723913,724230)",1,11,2020-11-24,2022-06-10,410,FR
705,"[724230,725687)",1,11,2020-11-24,2022-06-10,411,FR
706,"[725687,726640)",1,11,2020-11-24,2022-06-10,400,FR
707,"[726640,728042)",1,11,2020-11-24,2022-06-10,1,FR
708,"[728042,728737)",1,11,2020-11-24,2022-06-10,412,FR
709,"[728737,728935)",1,11,2020-11-24,2022-06-10,1,FR
710,"[728935,729127)",1,11,2020-11-24,2022-06-10,410,FR
711,"[729127,729307)",1,11,2020-11-24,2022-06-10,411,FR
712,"[729307,730086)",1,11,2020-11-24,2022-06-10,1,FR
713,"[730086,730648)",1,11,2020-11-24,2022-06-10,400,FR
714,"[730648,730899)",1,11,2020-11-24,2022-06-10,413,FR
715,"[730899,731113)",1,11,2020-11-24,2022-06-10,414,FR
716,"[731113,731650)",1,11,2020-11-24,2022-06-10,1,FR
717,"[731650,731826)",1,11,2020-11-24,2022-06-10,415,FR
718,"[731826,732081)",1,11,2020-11-24,2022-06-10,416,FR
719,"[732081,732532)",1,11,2020-11-24,2022-06-10,1,FR
720,"[732532,733000)",1,11,2020-11-24,2022-06-10,410,FR
721,"[733000,733761)",1,11,2020-11-24,2022-06-10,270,FR
722,"[733761,737178)",1,11,2020-11-24,2022-06-10,270,FR
723,"[737178,739129)",1,11,2020-11-24,2022-06-10,1,FR
724,"[739129,739644)",1,11,2020-11-24,2022-06-10,417,FR
725,"[739644,739998)",1,11,2020-11-24,2022-06-10,271,FR
726,"[739998,740438)",1,11,2020-11-24,2022-06-10,418,FR
727,"[740438,740973)",1,11,2020-11-24,2022-06-10,255,FR
728,"[740973,742056)",1,11,2020-11-24,2022-06-10,255,FR
729,"[742056,742299)",1,11,2020-11-24,2022-06-10,419,FR
730,"[742299,743096)",1,11,2020-11-24,2022-06-10,1,FR
731,"[743096,743932)",1,11,2020-11-24,2022-06-10,411,FR
732,"[743932,744277)",1,11,2020-11-24,2022-06-10,256,FR
733,"[744277,744726)",1,11,2020-11-24,2022-06-10,400,FR
734,"[744726,745441)",1,11,2020-11-24,2022-06-10,400,FR
735,"[745441,745766)",1,11,2020-11-24,2022-06-10,412,FR
736,"[745766,749223)",1,11,2020-11-24,2022-06-10,412,FR
737,"[749223,749688)",1,11,2020-11-24,2022-06-10,413,FR
738,"[749688,750071)",1,11,2020-11-24,2022-06-10,269,FR
739,"[750071,752316)",1,11,2020-11-24,2022-06-10,269,FR
740,"[752316,752537)",1,11,2020-11-24,2022-06-10,1,FR
741,"[752537,752678)",1,11,2020-11-24,2022-06-10,420,FR
742,"[752678,753241)",1,11,2020-11-24,2022-06-10,421,FR
743,"[753241,753612)",1,11,2020-11-24,2022-06-10,422,FR
744,"[753612,754400)",1,11,2020-11-24,2022-06-10,423,FR
745,"[754400,754671)",1,11,2020-11-24,2022-06-10,424,FR
746,"[754671,755919)",1,11,2020-11-24,2022-06-10,425,FR
747,"[755919,756207)",1,11,2020-11-24,2022-06-10,426,FR
748,"[756207,756875)",1,11,2020-11-24,2022-06-10,426,FR
749,"[756875,757211)",1,11,2020-11-24,2022-06-10,427,FR
750,"[757211,757762)",1,11,2020-11-24,2022-06-10,427,FR
751,"[757762,757938)",1,11,2020-11-24,2022-06-10,1,FR
752,"[757938,758198)",1,11,2020-11-24,2022-06-10,422,FR
753,"[758198,758375)",1,11,2020-11-24,2022-06-10,428,FR
754,"[758375,759254)",1,11,2020-11-24,2022-06-10,425,FR
755,"[759254,759474)",1,11,2020-11-24,2022-06-10,426,FR
756,"[759474,760004)",1,11,2020-11-24,2022-06-10,426,FR
757,"[760004,760297)",1,11,2020-11-24,2022-06-10,427,FR
758,"[760297,760754)",1,11,2020-11-24,2022-06-10,427,FR
759,"[760754,761025)",1,11,2020-11-24,2022-06-10,421,FR
760,"[761025,761430)",1,11,2020-11-24,2022-06-10,1,FR
761,"[761430,761689)",1,11,2020-11-24,2022-06-10,429,FR
762,"[761689,762155)",1,11,2020-11-24,2022-06-10,430,FR
763,"[762155,764306)",1,11,2020-11-24,2022-06-10,430,FR
764,"[764306,764884)",1,11,2020-11-24,2022-06-10,431,FR
765,"[764884,765698)",1,11,2020-11-24,2022-06-10,431,FR
766,"[765698,765881)",1,11,2020-11-24,2022-06-10,432,FR
767,"[765881,768019)",1,11,2020-11-24,2022-06-10,1,FR
768,"[768019,768725)",1,11,2020-11-24,2022-06-10,433,FR
769,"[768725,769410)",1,11,2020-11-24,2022-06-10,434,FR
770,"[769410,770396)",1,11,2020-11-24,2022-06-10,435,FR
771,"[770396,770543)",1,11,2020-11-24,2022-06-10,436,FR
772,"[770543,773346)",1,11,2020-11-24,2022-06-10,436,FR
773,"[773346,773643)",1,11,2020-11-24,2022-06-10,437,FR
774,"[773643,773916)",1,11,2020-11-24,2022-06-10,438,FR
775,"[773916,776018)",1,11,2020-11-24,2022-06-10,439,FR
776,"[776018,776338)",1,11,2020-11-24,2022-06-10,440,FR
777,"[776338,779390)",1,11,2020-11-24,2022-06-10,440,FR
778,"[779390,779753)",1,11,2020-11-24,2022-06-10,441,FR
779,"[779753,780184)",1,11,2019-03-20,2022-06-10,1,FR
780,"[780184,780458)",1,11,2019-03-20,2022-06-10,442,FR
781,"[780458,780647)",1,11,2019-03-20,2022-06-10,443,FR
782,"[780647,781241)",1,11,2019-03-20,2022-06-10,444,FR
783,"[781241,785816)",1,11,2019-03-20,2022-06-10,445,FR
784,"[785816,793032)",1,11,2019-03-20,2022-06-10,445,FR
785,"[793032,793287)",1,11,2019-03-20,2022-06-10,445,FR
786,"[793287,793588)",1,11,2019-03-20,2022-06-10,446,FR
787,"[793588,793745)",1,11,2019-03-20,2022-06-10,447,FR
788,"[793745,794015)",1,11,2019-03-20,2022-06-10,448,FR
789,"[794015,794151)",1,11,2019-03-20,2022-06-10,449,FR
790,"[794151,794455)",1,11,2019-03-20,2022-06-10,450,FR
791,"[794455,794810)",1,11,2019-03-20,2022-06-10,451,FR
792,"[794810,795291)",1,11,2019-03-20,2022-06-10,452,FR
793,"[795291,796451)",1,11,2019-03-20,2022-06-10,453,FR
794,"[796451,797053)",1,11,2019-03-20,2022-06-10,454,FR
795,"[797053,797448)",1,11,2019-03-20,2022-06-10,455,FR
796,"[797448,797763)",1,11,2019-03-20,2022-06-10,456,FR
797,"[797763,798643)",1,11,2019-03-20,2022-06-10,457,FR
798,"[798643,799106)",1,11,2019-03-20,2022-06-10,458,FR
799,"[799106,799368)",1,11,2019-03-20,2022-06-10,459,FR
800,"[799368,799704)",1,11,2020-11-24,2022-06-10,1,FR
801,"[799704,799931)",1,11,2020-11-24,2022-06-10,460,FR
802,"[799931,800410)",1,11,2020-11-24,2022-06-10,461,FR
803,"[800410,802041)",1,11,2020-11-24,2022-06-10,1,FR
804,"[802041,802240)",1,11,2020-11-24,2022-06-10,462,FR
805,"[802240,802783)",1,11,2020-11-24,2022-06-10,462,FR
806,"[802783,803187)",1,11,2020-11-24,2022-06-10,463,FR
807,"[803187,803616)",1,11,2020-11-24,2022-06-10,464,FR
808,"[803616,803760)",1,11,2020-11-24,2022-06-10,465,FR
809,"[803760,804946)",1,11,2020-11-24,2022-06-10,465,FR
810,"[804946,805235)",1,11,2020-11-24,2022-06-10,466,FR
811,"[805235,805749)",1,11,2020-11-24,2022-06-10,467,FR
812,"[805749,806096)",1,11,2020-11-24,2022-06-10,468,FR
813,"[806096,806445)",1,11,2020-11-24,2022-06-10,468,FR
814,"[806445,806738)",1,11,2020-11-24,2022-06-10,469,FR
815,"[806738,808530)",1,11,2020-11-24,2022-06-10,469,FR
816,"[808530,808751)",1,11,2020-11-24,2022-06-10,1,FR
817,"[808751,809089)",1,11,2020-11-24,2022-06-10,470,FR
818,"[809089,809399)",1,11,2020-11-24,2022-06-10,471,FR
819,"[809399,809571)",1,11,2020-11-24,2022-06-10,472,FR
820,"[809571,810624)",1,11,2020-11-24,2022-06-10,472,FR
821,"[810624,811452)",1,11,2020-11-24,2022-06-10,473,FR
822,"[811452,812621)",1,11,2020-11-24,2022-06-10,474,FR
823,"[812621,812870)",1,11,2020-11-24,2022-06-10,475,FR
824,"[812870,813592)",1,11,2020-11-24,2022-06-10,1,FR
825,"[813592,813813)",1,11,2020-11-24,2022-06-10,1,FR
826,"[813813,813964)",1,11,2020-11-24,2022-06-10,476,FR
827,"[813964,814785)",1,11,2020-11-24,2022-06-10,477,FR
828,"[814785,814965)",1,11,2020-11-24,2022-06-10,478,FR
829,"[814965,816228)",1,11,2020-11-24,2022-06-10,479,FR
830,"[816228,818186)",1,11,2020-11-24,2022-06-10,480,FR
831,"[818186,818454)",1,11,2020-11-24,2022-06-10,481,FR
832,"[818454,822823)",1,11,2020-11-24,2022-06-10,481,FR
833,"[822823,824830)",1,11,2020-11-24,2022-06-10,1,FR
834,"[824830,825009)",1,11,2020-11-24,2022-06-10,482,FR
835,"[825009,825163)",1,11,2020-11-24,2022-06-10,1,FR
836,"[825163,825561)",1,11,2020-11-24,2022-06-10,483,FR
837,"[825561,827514)",1,11,2020-11-24,2022-06-10,483,FR
838,"[827514,827822)",1,11,2020-11-24,2022-06-10,484,FR
839,"[827822,828963)",1,11,2020-11-24,2022-06-10,484,FR
840,"[828963,829306)",1,11,2020-11-24,2022-06-10,485,FR
841,"[829306,830300)",1,11,2020-11-24,2022-06-10,485,FR
842,"[830300,831349)",1,11,2020-11-24,2022-06-10,1,FR
843,"[831349,831649)",1,11,2020-11-24,2022-06-10,486,FR
844,"[831649,832296)",1,11,2020-11-24,2022-06-10,409,FR
845,"[832296,834100)",1,11,2020-11-24,2022-06-10,409,FR
846,"[834100,834412)",1,11,2020-11-24,2022-06-10,487,FR
847,"[834412,835020)",1,11,2020-11-24,2022-06-10,488,FR
848,"[835020,835467)",1,11,2020-11-24,2022-06-10,489,FR
849,"[835467,836108)",1,11,2020-11-24,2022-06-10,489,FR
850,"[836108,836768)",1,11,2020-11-24,2022-06-10,490,FR
851,"[836768,837469)",1,11,2020-11-24,2022-06-10,491,FR
852,"[837469,837794)",1,11,2020-11-24,2022-06-10,492,FR
853,"[837794,839112)",1,11,2020-11-24,2022-06-10,493,FR
854,"[839112,840224)",1,11,2020-11-24,2022-06-10,494,FR
855,"[840224,840614)",1,11,2020-11-24,2022-06-10,495,FR
856,"[840614,841434)",1,11,2020-11-24,2022-06-10,496,FR
857,"[841434,842013)",1,11,2020-11-24,2022-06-10,496,FR
858,"[842013,842491)",1,11,2020-11-24,2022-06-10,497,FR
859,"[842491,842828)",1,11,2020-11-24,2022-06-10,498,FR
860,"[842828,843310)",1,11,2020-11-24,2022-06-10,499,FR
861,"[843310,843610)",1,11,2020-11-24,2022-06-10,499,FR
862,"[843610,843895)",1,11,2020-11-24,2022-06-10,500,FR
863,"[843895,844261)",1,11,2020-11-24,2022-06-10,500,FR
864,"[844261,844681)",1,11,2020-11-24,2022-06-10,501,FR
865,"[844681,845167)",1,11,2020-11-24,2022-06-10,502,FR
866,"[845167,845347)",1,11,2020-11-24,2022-06-10,503,FR
867,"[845347,845905)",1,11,2020-11-24,2022-06-10,504,FR
868,"[845905,846250)",1,11,2020-11-24,2022-06-10,505,FR
869,"[846250,846535)",1,11,2020-11-24,2022-06-10,506,FR
870,"[846535,846761)",1,11,2020-11-24,2022-06-10,507,FR
871,"[846761,847321)",1,11,2020-11-24,2022-06-10,508,FR
872,"[847321,847787)",1,11,2020-11-24,2022-06-10,509,FR
873,"[847787,848302)",1,11,2020-11-24,2022-06-10,510,FR
874,"[848302,848470)",1,11,2020-11-24,2022-06-10,415,FR
875,"[848470,850248)",1,11,2020-11-24,2022-06-10,511,FR
876,"[850248,850510)",1,11,2020-11-24,2022-06-10,512,FR
877,"[850510,851008)",1,11,2020-11-24,2022-06-10,513,FR
878,"[851008,851401)",1,11,2020-11-24,2022-06-10,514,FR
879,"[851401,851798)",1,11,2020-11-24,2022-06-10,515,FR
880,"[851798,852024)",1,11,2020-11-24,2022-06-10,516,FR
881,"[852024,852794)",1,11,2020-11-24,2022-06-10,517,FR
882,"[852794,853312)",1,11,2020-11-24,2022-06-10,518,FR
883,"[853312,853600)",1,11,2020-11-24,2022-06-10,519,FR
884,"[853600,856455)",1,11,2020-11-24,2022-06-10,519,FR
885,"[856455,856748)",1,11,2020-11-24,2022-06-10,520,FR
886,"[856748,857895)",1,11,2020-11-24,2022-06-10,520,FR
887,"[857895,858185)",1,11,2020-11-24,2022-06-10,1,FR
888,"[858185,858457)",1,11,2020-11-24,2022-06-10,519,FR
889,"[858457,858890)",1,11,2020-11-24,2022-06-10,490,FR
890,"[858890,859163)",1,11,2020-11-24,2022-06-10,495,FR
891,"[859163,859434)",1,11,2020-11-24,2022-06-10,521,FR
892,"[859434,860053)",1,11,2020-11-24,2022-06-10,522,FR
893,"[860053,860296)",1,11,2020-11-24,2022-06-10,520,FR
894,"[860296,860664)",1,11,2020-11-24,2022-06-10,409,FR
895,"[860664,861422)",1,11,2020-11-24,2022-06-10,409,FR
896,"[861422,861735)",1,11,2020-11-24,2022-06-10,487,FR
897,"[861735,862190)",1,11,2020-11-24,2022-06-10,488,FR
898,"[862190,862621)",1,11,2020-11-24,2022-06-10,489,FR
899,"[862621,863288)",1,11,2020-11-24,2022-06-10,489,FR
900,"[863288,864337)",1,11,2020-11-24,2022-06-10,1,FR
901,"[864337,864772)",1,11,2020-11-24,2022-06-10,409,FR
902,"[864772,866233)",1,11,2020-11-24,2022-06-10,494,FR
903,"[866233,869533)",1,11,2020-11-24,2022-06-10,494,FR
904,"[869533,869916)",1,11,2020-11-24,2022-06-10,495,FR
905,"[869916,873048)",1,11,2020-11-24,2022-06-10,523,FR
906,"[873048,873268)",1,11,2020-11-24,2022-06-10,524,FR
907,"[873268,876772)",1,11,2020-11-24,2022-06-10,524,FR
908,"[876772,877462)",1,11,2020-11-24,2022-06-10,521,FR
909,"[877462,881638)",1,11,2020-11-24,2022-06-10,1,FR
910,"[881638,882934)",1,11,2020-11-24,2022-06-10,525,FR
911,"[882934,885535)",1,11,2020-11-24,2022-06-10,525,FR
912,"[885535,887135)",1,11,2020-11-24,2022-06-10,487,FR
913,"[887135,887891)",1,11,2020-11-24,2022-06-10,526,FR
914,"[887891,892800)",1,11,2020-11-24,2022-06-10,526,FR
915,"[892800,893885)",1,11,2020-11-24,2022-06-10,522,FR
916,"[893885,900413)",1,11,2020-11-24,2022-06-10,522,FR
917,"[900413,902186)",1,11,2020-11-24,2022-06-10,496,FR
918,"[902186,903981)",1,11,2020-11-24,2022-06-10,496,FR
919,"[903981,904822)",1,11,2020-11-24,2022-06-10,527,FR
920,"[904822,907389)",1,11,2020-11-24,2022-06-10,1,FR
921,"[907389,909512)",1,11,2020-11-24,2022-06-10,528,FR
922,"[909512,911458)",1,11,2020-11-24,2022-06-10,487,FR
923,"[911458,912188)",1,11,2020-11-24,2022-06-10,497,FR
924,"[912188,912546)",1,11,2020-11-24,2022-06-10,529,FR
925,"[912546,913481)",1,11,2020-11-24,2022-06-10,530,FR
926,"[913481,915644)",1,11,2020-11-24,2022-06-10,1,FR
927,"[915644,916666)",1,11,2020-11-24,2022-06-10,531,FR
928,"[916666,917058)",1,11,2020-11-24,2022-06-10,531,FR
929,"[917058,918432)",1,11,2020-11-24,2022-06-10,532,FR
930,"[918432,918719)",1,11,2020-11-24,2022-06-10,533,FR
931,"[918719,919593)",1,11,2020-11-24,2022-06-10,533,FR
932,"[919593,920295)",1,11,2020-11-24,2022-06-10,499,FR
933,"[920295,920780)",1,11,2020-11-24,2022-06-10,534,FR
934,"[920780,921082)",1,11,2020-11-24,2022-06-10,500,FR
935,"[921082,921468)",1,11,2020-11-24,2022-06-10,535,FR
936,"[921468,922204)",1,11,2020-11-24,2022-06-10,508,FR
937,"[922204,922550)",1,11,2020-11-24,2022-06-10,509,FR
938,"[922550,923445)",1,11,2020-11-24,2022-06-10,536,FR
939,"[923445,923918)",1,11,2020-11-24,2022-06-10,537,FR
940,"[923918,924502)",1,11,2020-11-24,2022-06-10,538,FR
941,"[924502,927268)",1,11,2020-11-24,2022-06-10,489,FR
942,"[927268,929746)",1,11,2020-11-24,2022-06-10,489,FR
943,"[929746,930379)",1,11,2020-11-24,2022-06-10,490,FR
944,"[930379,930639)",1,11,2020-11-24,2022-06-10,539,FR
945,"[930639,930888)",1,11,2020-11-24,2022-06-10,540,FR
946,"[930888,931132)",1,11,2020-11-24,2022-06-10,1,FR
947,"[931132,931682)",1,11,2020-11-24,2022-06-10,541,FR
948,"[931682,932397)",1,11,2020-11-24,2022-06-10,542,FR
949,"[932397,932697)",1,11,2020-11-24,2022-06-10,543,FR
950,"[932697,934841)",1,11,2020-11-24,2022-06-10,544,FR
