placename_id,char_range,text_id,ref_id
1,"[127,136)",1,1
2,"[282,291)",1,1
3,"[334,345)",2,2
4,"[1429,1436)",3,3
5,"[2365,2375)",4,4
6,"[3862,3869)",5,5
7,"[3996,4006)",6,6
8,"[4050,4055)",7,7
9,"[4077,4087)",8,8
10,"[4321,4328)",9,9
11,"[4407,4415)",10,10
12,"[4750,4757)",9,9
13,"[4759,4772)",11,11
14,"[4774,4783)",12,12
15,"[4971,4979)",10,10
16,"[5459,5470)",13,13
17,"[5861,5868)",9,9
18,"[6327,6337)",14,14
19,"[6461,6471)",15,15
20,"[6677,6692)",16,16
21,"[7363,7374)",17,17
22,"[7374,7381)",18,18
23,"[7411,7422)",19,19
24,"[7687,7699)",20,20
25,"[7878,7890)",21,21
26,"[8274,8283)",22,22
27,"[9487,9498)",17,17
28,"[9681,9688)",23,23
29,"[9939,9951)",21,21
30,"[10069,10083)",24,24
31,"[11702,11709)",25,25
32,"[11736,11742)",26,26
33,"[12505,12514)",27,27
34,"[13547,13554)",28,28
35,"[13942,13953)",17,17
36,"[13964,13976)",29,29
37,"[14250,14262)",21,21
38,"[14890,14904)",30,30
39,"[15245,15248)",31,31
40,"[15841,15851)",32,32
41,"[16108,16121)",33,33
42,"[16420,16433)",33,33
43,"[17219,17232)",34,34
44,"[18595,18607)",35,35
45,"[19689,19699)",36,36
46,"[19785,19795)",37,37
47,"[19807,19820)",38,38
48,"[19920,19933)",38,38
49,"[19938,19949)",39,39
50,"[19970,19981)",40,40
51,"[20105,20117)",21,21
52,"[20710,20720)",37,37
53,"[20920,20927)",23,23
54,"[21111,21121)",37,37
55,"[21233,21242)",41,41
56,"[22123,22132)",41,41
57,"[22589,22599)",42,42
58,"[22859,22871)",21,21
59,"[23995,24003)",43,43
60,"[24056,24065)",41,41
61,"[24166,24176)",37,37
62,"[24610,24622)",21,21
63,"[25121,25130)",44,44
64,"[25278,25285)",23,23
65,"[25563,25575)",21,21
66,"[26683,26691)",45,45
67,"[27192,27205)",46,46
68,"[27248,27255)",23,23
69,"[27680,27692)",47,47
70,"[28552,28558)",48,48
71,"[28590,28597)",49,25
72,"[28660,28667)",50,49
73,"[28681,28688)",51,50
74,"[28798,28805)",52,51
75,"[29182,29194)",53,52
76,"[29318,29330)",54,53
77,"[29362,29373)",55,54
78,"[29630,29636)",56,55
79,"[30246,30253)",49,25
80,"[30316,30323)",50,49
81,"[30334,30341)",51,50
82,"[30674,30686)",21,56
83,"[30997,31008)",57,57
84,"[31453,31460)",58,58
85,"[31964,31970)",56,55
86,"[32228,32240)",59,59
87,"[32705,32717)",21,56
88,"[33316,33323)",60,60
89,"[33334,33345)",61,61
90,"[33735,33745)",62,62
91,"[34014,34026)",21,56
92,"[34722,34726)",63,63
93,"[34784,34792)",64,64
94,"[34831,34840)",65,65
95,"[34915,34925)",66,66
96,"[35274,35278)",63,63
97,"[35577,35584)",23,23
98,"[35740,35751)",67,67
99,"[35784,35793)",68,68
100,"[36224,36231)",69,69
101,"[36352,36361)",70,70
102,"[36469,36481)",71,71
103,"[36702,36711)",70,70
104,"[36831,36840)",70,70
105,"[37012,37022)",72,70
106,"[37210,37219)",73,72
107,"[37481,37487)",74,73
108,"[37548,37554)",75,25
109,"[37617,37625)",76,74
110,"[37732,37746)",77,75
111,"[37815,37821)",78,76
112,"[38086,38090)",63,63
113,"[38419,38430)",79,77
114,"[38461,38471)",66,66
115,"[38480,38490)",80,78
116,"[38681,38688)",23,23
117,"[38827,38840)",81,79
118,"[38871,38880)",82,80
119,"[40157,40172)",83,81
120,"[40231,40241)",84,82
121,"[40756,40768)",85,83
122,"[40802,40811)",82,80
123,"[41154,41161)",23,23
124,"[41297,41304)",86,84
125,"[41693,41700)",5,5
126,"[41917,41924)",86,84
127,"[42422,42429)",87,85
128,"[42557,42564)",88,86
129,"[42611,42623)",21,21
130,"[43309,43317)",89,87
131,"[43370,43377)",86,84
132,"[43403,43411)",89,87
133,"[43806,43831)",90,25
134,"[43860,43881)",91,88
135,"[44013,44018)",92,89
136,"[44072,44082)",93,90
137,"[44291,44298)",86,84
138,"[44514,44521)",94,91
139,"[44778,44789)",95,92
140,"[44792,44799)",86,84
141,"[45109,45118)",96,93
142,"[45139,45146)",86,84
143,"[45298,45305)",86,84
144,"[45472,45479)",87,85
145,"[45585,45592)",87,85
146,"[45985,45997)",35,35
147,"[46334,46345)",95,92
148,"[46348,46355)",86,84
149,"[47142,47150)",89,87
150,"[47436,47443)",87,85
151,"[48374,48386)",21,21
152,"[48912,48918)",97,94
153,"[49084,49090)",97,94
154,"[49245,49257)",21,21
155,"[49455,49470)",98,95
156,"[49629,49635)",99,96
157,"[50273,50285)",21,21
158,"[50714,50724)",100,97
159,"[51224,51230)",97,94
160,"[51455,51467)",21,21
161,"[52005,52009)",101,98
162,"[52333,52343)",100,97
163,"[53444,53450)",97,94
164,"[53896,53904)",102,99
165,"[53908,53915)",103,100
166,"[54391,54401)",14,14
167,"[54608,54618)",104,101
168,"[54686,54696)",104,102
169,"[55191,55199)",105,103
170,"[55635,55643)",105,103
171,"[55702,55718)",106,104
172,"[56719,56728)",107,105
173,"[56745,56756)",108,106
174,"[57301,57309)",105,103
175,"[57350,57359)",109,107
176,"[57413,57421)",110,108
177,"[58258,58266)",111,109
178,"[58390,58401)",112,110
179,"[58444,58455)",112,110
180,"[58523,58533)",113,111
181,"[58935,58944)",109,107
182,"[59088,59097)",114,112
183,"[59626,59635)",109,107
184,"[59812,59820)",110,108
185,"[59834,59843)",1,113
186,"[59965,59973)",115,114
187,"[60220,60229)",116,115
188,"[63834,63842)",102,99
189,"[63871,63877)",117,116
190,"[63887,63895)",110,108
191,"[64085,64093)",102,99
192,"[64122,64129)",118,117
193,"[64135,64143)",110,108
194,"[64781,64791)",119,118
195,"[65996,66006)",120,119
196,"[66199,66210)",121,120
197,"[68868,68876)",122,121
198,"[69251,69263)",21,21
199,"[69503,69509)",123,122
200,"[69545,69551)",123,122
201,"[69859,69864)",124,123
202,"[70614,70622)",125,124
203,"[71606,71612)",126,122
204,"[73569,73575)",126,122
205,"[76323,76331)",127,125
206,"[76560,76570)",128,126
207,"[77677,77685)",127,125
208,"[78096,78102)",126,122
209,"[78719,78723)",129,127
210,"[79024,79034)",128,126
211,"[79252,79262)",128,126
212,"[79765,79772)",130,128
213,"[80480,80486)",126,122
214,"[80734,80747)",33,33
215,"[80978,80991)",131,129
216,"[81524,81529)",132,130
217,"[81773,81786)",133,131
218,"[82066,82075)",134,132
219,"[82309,82319)",135,133
220,"[83054,83062)",136,134
221,"[83163,83171)",127,125
222,"[83222,83228)",126,122
223,"[85487,85498)",137,135
224,"[85508,85514)",138,136
225,"[85637,85651)",139,129
226,"[87685,87691)",126,122
227,"[88386,88399)",131,129
228,"[88462,88467)",132,130
229,"[89799,89811)",140,137
230,"[89827,89844)",141,138
231,"[90336,90342)",126,122
232,"[91494,91503)",134,132
233,"[92079,92083)",142,139
234,"[92289,92297)",143,140
235,"[92397,92406)",134,132
236,"[93877,93890)",33,33
237,"[94070,94076)",144,141
238,"[94153,94160)",145,142
239,"[94204,94210)",146,143
240,"[94349,94356)",145,142
241,"[94915,94921)",144,141
242,"[95187,95193)",144,141
243,"[95389,95397)",127,125
244,"[95634,95640)",144,141
245,"[95662,95669)",145,142
246,"[95959,95965)",144,141
247,"[96259,96266)",145,142
248,"[96653,96658)",147,144
249,"[96902,96907)",147,144
250,"[97545,97551)",126,122
251,"[98168,98177)",148,87
252,"[98670,98677)",23,23
253,"[98939,98945)",126,122
254,"[99360,99366)",126,122
255,"[100033,100044)",149,145
256,"[100336,100340)",142,139
257,"[100620,100626)",126,122
258,"[102243,102251)",127,125
259,"[103246,103252)",126,122
260,"[103740,103746)",126,122
261,"[104946,104952)",126,122
262,"[105175,105188)",33,33
263,"[106877,106888)",150,146
264,"[106918,106936)",151,147
265,"[107613,107626)",131,129
266,"[108481,108493)",152,148
267,"[108960,108966)",126,122
268,"[109839,109852)",153,149
269,"[109946,109967)",154,150
270,"[110003,110020)",155,151
271,"[110372,110386)",139,129
272,"[110440,110449)",134,132
273,"[110464,110477)",33,33
274,"[110618,110626)",156,152
275,"[110918,110924)",138,136
276,"[110927,110934)",157,153
277,"[111074,111086)",158,154
278,"[112429,112436)",23,23
279,"[112736,112744)",156,152
280,"[113277,113290)",33,33
281,"[113682,113691)",134,132
282,"[114596,114602)",126,122
283,"[115644,115652)",127,125
284,"[116205,116211)",126,122
285,"[116858,116864)",126,122
286,"[117343,117352)",134,132
287,"[119046,119057)",159,155
288,"[119652,119665)",153,25
289,"[119759,119780)",154,150
290,"[119816,119833)",155,151
291,"[119869,119886)",155,151
292,"[119939,119945)",138,136
293,"[120188,120197)",134,132
294,"[121307,121321)",160,156
295,"[121981,121987)",126,122
296,"[122877,122885)",127,125
297,"[123773,123777)",129,127
298,"[125609,125619)",128,126
299,"[127711,127717)",126,122
300,"[131172,131181)",116,105
301,"[131212,131221)",161,157
302,"[131325,131343)",162,158
303,"[131397,131403)",163,159
304,"[131464,131473)",116,105
305,"[131501,131507)",163,159
306,"[131585,131594)",116,105
307,"[131763,131770)",164,160
308,"[131796,131801)",165,25
309,"[131864,131881)",166,161
310,"[131884,131900)",167,162
311,"[131945,131950)",168,25
312,"[132013,132027)",169,163
313,"[132030,132043)",170,164
314,"[132321,132326)",165,25
315,"[132389,132406)",166,161
316,"[132409,132425)",167,162
317,"[132618,132627)",161,157
318,"[132830,132838)",171,165
319,"[132896,132903)",172,166
320,"[132979,132988)",161,157
321,"[133064,133073)",173,167
322,"[133136,133145)",161,157
323,"[133278,133287)",116,105
324,"[133347,133354)",130,128
325,"[133392,133399)",130,128
326,"[133425,133437)",174,168
327,"[133517,133526)",161,157
328,"[133577,133586)",173,167
329,"[133792,133798)",175,169
330,"[133875,133884)",116,105
331,"[133916,133927)",176,170
332,"[133985,133995)",177,171
333,"[134265,134274)",178,172
334,"[134530,134539)",173,167
335,"[134704,134714)",179,173
336,"[135244,135252)",180,174
337,"[135328,135336)",181,175
338,"[135948,135958)",179,173
339,"[135978,135987)",182,176
340,"[136089,136096)",183,25
341,"[136122,136128)",184,177
342,"[136273,136284)",185,178
343,"[136302,136312)",186,179
344,"[136371,136380)",182,176
345,"[136397,136406)",182,176
346,"[136432,136443)",187,180
347,"[136467,136478)",185,178
348,"[136517,136526)",188,181
349,"[136876,136884)",189,182
350,"[137300,137307)",190,183
351,"[137538,137546)",191,184
352,"[137869,137876)",190,183
353,"[138325,138333)",192,185
354,"[138353,138361)",193,186
355,"[138672,138679)",190,187
356,"[138992,138998)",48,48
357,"[139238,139245)",194,188
358,"[139338,139344)",99,96
359,"[139543,139549)",99,96
360,"[139576,139585)",195,189
361,"[139678,139684)",99,96
362,"[139751,139761)",196,190
363,"[140278,140288)",197,191
364,"[140390,140400)",196,190
365,"[140490,140500)",196,190
366,"[140633,140639)",126,122
367,"[140914,140920)",99,96
368,"[140966,140982)",198,192
369,"[141405,141416)",199,193
370,"[141474,141480)",126,122
371,"[141706,141712)",48,48
372,"[141742,141754)",200,194
373,"[141764,141779)",201,195
374,"[142335,142345)",14,14
375,"[142526,142533)",23,23
376,"[142567,142582)",201,195
377,"[142611,142620)",202,196
378,"[142692,142704)",203,197
379,"[143118,143130)",204,198
380,"[143374,143386)",200,194
381,"[144198,144204)",126,122
382,"[144409,144415)",126,122
383,"[144900,144909)",205,199
384,"[144994,145002)",206,200
385,"[145004,145016)",207,201
386,"[145027,145035)",208,202
387,"[145076,145088)",204,198
388,"[145142,145150)",208,202
389,"[145386,145394)",208,202
390,"[145447,145453)",126,122
391,"[146035,146045)",14,14
392,"[146346,146356)",120,119
393,"[146411,146421)",120,119
394,"[147600,147614)",209,203
395,"[148014,148019)",210,204
396,"[148178,148184)",126,122
397,"[148551,148557)",126,122
398,"[149377,149387)",211,205
399,"[149826,149835)",134,132
400,"[149869,149881)",212,206
401,"[149902,149912)",120,119
402,"[149937,149950)",213,206
403,"[151571,151581)",36,207
404,"[151586,151593)",214,208
405,"[151660,151682)",215,209
406,"[151693,151699)",216,210
407,"[151818,151824)",126,122
408,"[152066,152073)",217,211
409,"[152168,152177)",1,1
410,"[152266,152275)",1,1
411,"[152829,152838)",218,212
412,"[152858,152868)",37,37
413,"[152913,152923)",37,37
414,"[152985,152992)",217,211
415,"[154757,154767)",14,14
416,"[155000,155006)",126,122
417,"[155383,155389)",216,210
418,"[155552,155558)",126,122
419,"[156179,156189)",219,213
420,"[156464,156470)",126,122
421,"[156547,156553)",48,48
422,"[156783,156795)",220,214
423,"[157679,157701)",221,215
424,"[157928,157934)",126,122
425,"[158057,158077)",222,216
426,"[158248,158269)",223,217
427,"[158316,158325)",224,218
428,"[159140,159156)",225,219
429,"[159888,159900)",226,220
430,"[160328,160334)",126,122
431,"[160926,160938)",220,214
432,"[161194,161201)",23,23
433,"[161437,161457)",227,216
434,"[162986,162993)",23,23
435,"[163089,163103)",228,221
436,"[163350,163356)",48,48
437,"[163390,163410)",222,216
438,"[164216,164226)",229,222
439,"[164377,164383)",126,122
440,"[165133,165139)",126,122
441,"[165378,165388)",230,223
442,"[165472,165484)",231,224
443,"[165484,165494)",232,225
444,"[165547,165553)",99,96
445,"[165580,165590)",233,25
446,"[165653,165664)",234,226
447,"[165670,165682)",231,227
448,"[165712,165721)",235,228
449,"[165726,165735)",236,229
450,"[165766,165774)",192,230
451,"[165831,165841)",232,225
452,"[165845,165857)",231,224
453,"[165961,165967)",126,122
454,"[166140,166150)",230,223
455,"[166253,166259)",144,141
456,"[166849,166859)",230,223
457,"[167339,167346)",23,23
458,"[167400,167406)",99,96
459,"[167482,167491)",237,231
460,"[167595,167601)",144,141
461,"[168064,168070)",99,232
462,"[168116,168122)",99,96
463,"[168834,168840)",99,96
464,"[169066,169074)",192,230
465,"[169133,169141)",238,233
466,"[169264,169270)",126,122
467,"[169450,169457)",239,234
468,"[169604,169614)",230,223
469,"[169954,169960)",99,96
470,"[170828,170842)",240,235
471,"[170844,170850)",99,96
472,"[171086,171092)",144,141
473,"[171468,171478)",230,223
474,"[172589,172596)",190,187
475,"[172721,172728)",190,187
476,"[172950,172956)",126,122
477,"[173307,173313)",144,141
478,"[173472,173482)",36,36
479,"[174043,174054)",241,236
480,"[174264,174271)",23,23
481,"[175278,175285)",242,237
482,"[175995,176006)",241,236
483,"[176121,176127)",126,122
484,"[177647,177652)",124,123
485,"[177669,177675)",138,238
486,"[177813,177819)",126,122
487,"[178198,178206)",102,99
488,"[179312,179320)",243,239
489,"[182194,182200)",138,238
490,"[182920,182925)",244,240
491,"[183083,183089)",126,122
492,"[183434,183440)",126,122
493,"[184373,184379)",126,122
494,"[184482,184487)",244,240
495,"[184708,184713)",124,123
496,"[185281,185287)",126,122
497,"[186696,186702)",138,238
498,"[186717,186722)",124,123
499,"[186845,186851)",126,122
500,"[187413,187419)",138,238
501,"[187748,187754)",126,122
502,"[188174,188180)",126,122
503,"[188578,188587)",245,241
504,"[188719,188724)",246,242
505,"[188975,188984)",245,241
506,"[189308,189314)",126,122
507,"[189496,189506)",247,243
508,"[189525,189535)",248,244
509,"[189595,189604)",249,245
510,"[191385,191390)",250,246
511,"[191425,191434)",116,105
512,"[192177,192184)",251,247
513,"[193062,193068)",126,122
514,"[193791,193797)",126,122
515,"[194541,194549)",252,248
516,"[194582,194590)",253,249
517,"[194603,194615)",254,250
518,"[194706,194715)",224,251
519,"[194814,194818)",255,252
520,"[195612,195620)",171,165
521,"[196152,196160)",256,253
522,"[196332,196342)",257,254
523,"[197556,197567)",258,255
524,"[197570,197579)",259,256
525,"[197665,197672)",260,257
526,"[198650,198659)",259,256
527,"[198872,198877)",261,258
528,"[198943,198955)",254,250
529,"[199117,199124)",262,25
530,"[199196,199206)",263,259
531,"[199384,199396)",254,250
532,"[199798,199810)",254,250
533,"[199977,199981)",255,252
534,"[200167,200171)",255,252
535,"[200510,200517)",262,25
536,"[200589,200599)",263,259
537,"[201023,201030)",262,25
538,"[201033,201043)",257,254
539,"[201072,201081)",264,260
540,"[201151,201155)",255,252
541,"[201504,201512)",171,165
542,"[201644,201653)",41,41
543,"[201776,201788)",254,250
544,"[202096,202108)",254,250
545,"[202246,202257)",265,25
546,"[203005,203012)",266,124
547,"[203084,203091)",23,23
548,"[203269,203279)",219,213
549,"[203332,203339)",28,28
550,"[203894,203903)",267,134
551,"[203959,203981)",268,261
552,"[204463,204473)",219,213
553,"[204502,204509)",28,28
554,"[204781,204789)",136,134
555,"[204822,204828)",126,122
556,"[205988,205999)",269,262
557,"[206506,206514)",136,134
558,"[209136,209146)",270,263
559,"[209858,209864)",126,122
560,"[210015,210027)",271,264
561,"[210678,210691)",272,265
562,"[211466,211476)",270,263
563,"[211899,211914)",273,266
564,"[212382,212388)",126,122
565,"[212920,212935)",273,266
566,"[213899,213905)",126,122
567,"[214192,214204)",271,264
568,"[214798,214806)",136,134
569,"[218079,218092)",33,33
570,"[219256,219269)",33,33
571,"[219436,219446)",274,267
572,"[219454,219466)",275,25
573,"[219481,219491)",276,268
574,"[219713,219720)",23,23
575,"[219915,219922)",23,23
576,"[219996,220011)",277,269
577,"[220112,220119)",278,270
578,"[220126,220131)",210,204
579,"[220300,220311)",279,271
580,"[220384,220394)",274,267
581,"[220396,220404)",280,272
582,"[221203,221213)",229,273
583,"[221390,221397)",281,274
584,"[221681,221692)",282,275
585,"[221821,221829)",156,152
586,"[222868,222878)",274,276
587,"[223057,223067)",283,277
588,"[223082,223095)",284,278
589,"[223157,223167)",283,277
590,"[223188,223197)",285,279
591,"[223235,223241)",286,280
592,"[223854,223860)",48,48
593,"[224028,224043)",277,269
594,"[224488,224496)",280,272
595,"[224501,224512)",279,271
596,"[224521,224536)",287,156
597,"[226494,226507)",131,129
598,"[226552,226561)",288,281
599,"[227424,227433)",289,282
600,"[228964,228970)",290,283
601,"[229576,229585)",288,281
602,"[229755,229762)",23,23
603,"[230200,230211)",279,271
604,"[233307,233313)",126,122
605,"[234494,234503)",288,281
606,"[234646,234656)",274,276
607,"[235518,235529)",291,284
608,"[235632,235641)",288,281
609,"[237728,237734)",126,122
610,"[238197,238223)",292,285
611,"[239071,239083)",293,286
612,"[240193,240202)",288,281
613,"[240630,240639)",288,281
614,"[241786,241801)",277,269
615,"[242236,242245)",288,281
616,"[242272,242286)",294,25
617,"[243637,243646)",295,287
618,"[243799,243805)",126,122
619,"[244003,244010)",28,28
620,"[244049,244063)",160,156
621,"[246948,246959)",296,288
622,"[247703,247713)",14,14
623,"[247883,247889)",126,122
624,"[248093,248098)",210,204
625,"[248468,248483)",273,266
626,"[248570,248575)",210,204
627,"[248736,248741)",297,289
628,"[248804,248816)",298,25
629,"[248823,248828)",297,289
630,"[250331,250337)",126,122
631,"[250675,250688)",299,25
632,"[251081,251092)",300,290
633,"[251318,251329)",300,290
634,"[251339,251350)",137,135
635,"[252148,252155)",281,274
636,"[252166,252177)",300,290
637,"[252726,252738)",158,154
638,"[252896,252911)",277,269
639,"[255045,255052)",23,23
640,"[255207,255213)",126,122
641,"[256342,256354)",158,155
642,"[256404,256411)",23,23
643,"[256848,256858)",14,14
644,"[257036,257048)",158,155
645,"[257061,257070)",288,281
646,"[258337,258346)",301,291
647,"[258386,258395)",288,281
648,"[259414,259423)",302,125
649,"[259636,259642)",126,122
650,"[259986,259995)",288,281
651,"[261700,261710)",303,292
652,"[262978,262988)",303,292
653,"[264483,264494)",300,290
654,"[264585,264591)",290,283
655,"[265101,265111)",303,292
656,"[266918,266931)",33,33
657,"[266940,266948)",304,293
658,"[267577,267583)",126,122
659,"[268635,268648)",131,129
660,"[269957,269967)",14,14
661,"[270246,270252)",126,122
662,"[270473,270482)",301,291
663,"[270921,270930)",301,291
664,"[271032,271038)",126,122
665,"[271135,271144)",288,281
666,"[272025,272033)",127,125
667,"[272489,272502)",33,33
668,"[273540,273546)",126,122
669,"[273709,273716)",305,294
670,"[273723,273737)",306,295
671,"[274287,274298)",300,290
672,"[276396,276406)",84,82
673,"[277292,277298)",126,122
674,"[278315,278325)",14,14
675,"[278513,278525)",158,154
676,"[280383,280394)",137,135
677,"[280752,280764)",158,154
678,"[281256,281268)",158,154
679,"[281593,281605)",307,296
680,"[281862,281872)",14,14
681,"[283310,283316)",126,122
682,"[285793,285799)",126,122
683,"[286390,286396)",126,122
684,"[287654,287662)",127,125
685,"[288017,288023)",126,122
686,"[290100,290106)",126,122
687,"[291772,291782)",308,297
688,"[291981,291987)",126,122
689,"[293453,293459)",126,122
690,"[294179,294205)",292,285
691,"[294904,294916)",293,286
692,"[295716,295728)",309,298
693,"[296726,296736)",84,82
694,"[297746,297756)",84,82
695,"[297996,298002)",126,122
696,"[298430,298454)",310,299
697,"[298626,298638)",293,286
698,"[299469,299479)",84,82
699,"[300369,300380)",311,300
700,"[301911,301917)",126,122
701,"[304498,304508)",14,14
702,"[304929,304939)",14,14
703,"[305175,305182)",23,23
704,"[305245,305250)",312,301
705,"[306360,306366)",126,122
706,"[306671,306677)",313,302
707,"[307277,307283)",126,122
708,"[307968,307974)",126,122
709,"[309330,309338)",314,303
710,"[309486,309492)",126,122
711,"[309663,309670)",315,304
712,"[309857,309870)",316,305
713,"[309873,309881)",317,306
714,"[310160,310170)",318,307
715,"[310755,310768)",316,305
716,"[310943,310956)",319,308
717,"[311192,311200)",320,309
718,"[311389,311402)",321,310
719,"[311498,311507)",182,176
720,"[312569,312579)",322,311
721,"[312829,312837)",320,309
722,"[313594,313600)",126,122
723,"[315181,315191)",323,312
724,"[316430,316437)",23,23
725,"[316828,316834)",324,313
726,"[316841,316853)",85,83
727,"[317325,317336)",325,312
728,"[317726,317732)",126,122
729,"[318404,318416)",326,314
730,"[318649,318661)",326,314
731,"[319341,319352)",325,312
732,"[319952,319960)",327,315
733,"[320485,320493)",328,316
734,"[320898,320906)",314,303
735,"[321460,321466)",126,122
736,"[321597,321605)",317,306
737,"[321617,321627)",329,317
738,"[321982,321991)",330,318
739,"[323088,323094)",126,122
740,"[323615,323627)",326,314
741,"[323630,323639)",331,319
742,"[323853,323861)",320,309
743,"[324047,324059)",326,314
744,"[324062,324071)",331,319
745,"[324092,324100)",320,309
746,"[324527,324540)",319,308
747,"[324731,324741)",318,307
748,"[326256,326264)",314,303
749,"[327788,327794)",126,122
750,"[328614,328624)",323,312
751,"[329323,329330)",23,23
752,"[330246,330254)",45,45
753,"[330512,330520)",314,303
754,"[330727,330733)",126,122
755,"[330927,330937)",332,320
756,"[330975,330983)",317,306
757,"[330996,331006)",333,321
758,"[331331,331337)",126,122
759,"[331539,331548)",334,322
760,"[331806,331812)",126,122
761,"[331970,331978)",317,306
762,"[332157,332170)",316,305
763,"[332173,332181)",317,306
764,"[332948,332956)",317,306
765,"[333035,333045)",335,323
766,"[333141,333150)",336,25
767,"[333185,333195)",337,324
768,"[334071,334077)",338,325
769,"[334199,334207)",45,45
770,"[335219,335225)",126,122
771,"[336248,336263)",287,156
772,"[337130,337144)",160,156
773,"[337789,337795)",126,122
774,"[338288,338302)",339,25
775,"[338405,338414)",288,281
776,"[338419,338433)",160,156
777,"[339585,339594)",288,281
778,"[339659,339664)",132,130
779,"[340408,340414)",126,122
780,"[341234,341248)",294,25
781,"[341340,341349)",288,281
782,"[341496,341511)",277,269
783,"[342174,342188)",340,156
784,"[343335,343341)",126,122
785,"[344143,344149)",126,122
786,"[345648,345655)",23,23
787,"[345933,345939)",126,122
788,"[346278,346293)",277,269
789,"[347934,347948)",160,156
790,"[348065,348071)",126,122
791,"[348317,348326)",341,326
792,"[348357,348372)",277,269
793,"[350475,350490)",273,266
794,"[351319,351325)",126,122
795,"[352681,352690)",342,327
796,"[352885,352895)",14,14
797,"[353074,353100)",343,122
798,"[353369,353378)",344,328
799,"[353807,353813)",126,122
800,"[354986,354997)",345,329
801,"[355083,355092)",342,327
802,"[355986,355992)",126,122
803,"[356134,356143)",342,327
804,"[356395,356400)",346,330
805,"[356804,356811)",87,85
806,"[356898,356904)",347,331
807,"[357558,357567)",342,327
808,"[358462,358472)",348,332
809,"[360547,360553)",126,122
810,"[360698,360708)",349,329
811,"[361815,361825)",348,332
812,"[361845,361853)",350,333
813,"[363070,363077)",23,23
814,"[363226,363249)",351,334
815,"[363277,363286)",342,327
816,"[363608,363619)",352,335
817,"[364313,364318)",346,330
818,"[364519,364525)",347,331
819,"[364671,364677)",126,122
820,"[364940,364950)",36,207
821,"[365061,365071)",36,207
822,"[365188,365194)",126,122
823,"[366758,366786)",353,336
824,"[366935,366947)",354,337
825,"[367025,367034)",342,327
826,"[369041,369063)",355,338
827,"[369165,369172)",23,23
828,"[369260,369269)",342,327
829,"[370326,370336)",349,329
830,"[370987,370993)",126,122
831,"[373220,373225)",346,330
832,"[374613,374623)",349,329
833,"[375008,375018)",349,329
834,"[375273,375281)",350,333
835,"[376466,376476)",349,329
836,"[377241,377250)",342,327
837,"[377385,377396)",345,329
838,"[378064,378070)",126,122
839,"[378460,378470)",349,329
840,"[380110,380119)",342,327
841,"[380694,380701)",87,86
842,"[380888,380897)",342,327
843,"[382159,382165)",126,122
844,"[382278,382287)",342,327
845,"[383271,383281)",349,329
846,"[383444,383453)",342,327
847,"[384071,384079)",89,87
848,"[384710,384719)",356,339
849,"[385426,385435)",342,327
850,"[385588,385596)",89,87
851,"[386045,386053)",89,87
852,"[386554,386560)",126,122
853,"[386700,386710)",349,329
854,"[386840,386849)",342,327
855,"[387789,387798)",342,327
856,"[387909,387915)",126,122
857,"[388050,388060)",349,329
858,"[388451,388460)",344,328
859,"[388466,388475)",342,327
860,"[388617,388627)",322,311
861,"[388961,388969)",111,109
862,"[389340,389365)",357,340
863,"[389503,389513)",322,311
864,"[390100,390109)",342,327
865,"[390925,390935)",348,332
866,"[391334,391340)",126,122
867,"[392510,392525)",358,21
868,"[393934,393940)",347,331
869,"[394790,394799)",342,327
870,"[396247,396253)",126,122
871,"[396532,396541)",344,328
872,"[396632,396641)",342,327
873,"[396676,396686)",349,329
874,"[399505,399511)",126,122
875,"[399934,399943)",1,1
876,"[400066,400074)",89,87
877,"[400590,400596)",126,122
878,"[401191,401199)",89,87
879,"[401751,401757)",126,122
880,"[402509,402515)",126,122
881,"[403494,403503)",359,341
882,"[403518,403528)",360,342
883,"[403920,403931)",40,343
884,"[403942,403952)",361,344
885,"[404279,404285)",48,48
886,"[404475,404485)",362,345
887,"[404592,404603)",363,346
888,"[405338,405346)",364,347
889,"[405420,405444)",365,348
890,"[405715,405721)",126,122
891,"[407399,407408)",366,349
892,"[407419,407428)",367,25
893,"[407491,407502)",368,350
894,"[407527,407550)",369,351
895,"[407758,407765)",370,352
896,"[407806,407815)",359,341
897,"[408736,408747)",371,353
898,"[409536,409548)",231,224
899,"[410204,410214)",36,354
900,"[410325,410333)",127,125
901,"[410434,410447)",33,33
902,"[411113,411119)",126,122
903,"[411696,411705)",372,355
904,"[412151,412165)",373,356
905,"[412716,412728)",231,224
906,"[413815,413825)",374,357
907,"[413909,413918)",375,358
908,"[413992,414002)",374,357
909,"[414737,414747)",14,14
910,"[415487,415500)",376,359
911,"[416270,416276)",126,122
912,"[417749,417759)",374,360
913,"[417888,417898)",374,360
914,"[418021,418029)",377,361
915,"[418610,418618)",378,362
916,"[419414,419421)",379,363
917,"[421218,421228)",232,364
918,"[421769,421779)",232,364
919,"[421906,421916)",232,364
920,"[422405,422415)",232,364
921,"[422545,422555)",232,364
922,"[422649,422656)",380,365
923,"[422855,422865)",374,357
924,"[423199,423209)",374,357
925,"[423571,423580)",375,358
926,"[423910,423920)",374,357
927,"[424668,424678)",374,357
928,"[425153,425163)",374,357
929,"[425378,425388)",229,357
930,"[425792,425802)",229,222
931,"[426278,426288)",232,225
932,"[426708,426718)",232,364
933,"[427252,427259)",23,23
934,"[427476,427483)",381,366
935,"[427499,427509)",374,357
936,"[427661,427668)",87,85
937,"[428066,428073)",87,85
938,"[428707,428712)",382,367
939,"[428762,428766)",383,368
940,"[428772,428778)",384,369
941,"[429146,429151)",382,367
942,"[429826,429836)",385,370
943,"[430277,430283)",384,369
944,"[430501,430516)",386,371
945,"[431207,431215)",387,372
946,"[431524,431532)",387,372
947,"[432437,432444)",23,23
948,"[432935,432945)",14,14
949,"[433027,433037)",388,373
950,"[433053,433064)",389,357
951,"[435875,435885)",232,225
952,"[435949,435958)",301,291
953,"[436106,436116)",374,360
954,"[436212,436222)",374,360
955,"[438351,438361)",232,225
956,"[438633,438642)",301,291
957,"[439065,439075)",374,360
958,"[442288,442298)",374,360
959,"[442816,442826)",219,213
960,"[442993,442999)",216,210
961,"[443358,443368)",36,36
962,"[443617,443623)",126,122
963,"[443854,443861)",23,23
964,"[443937,443947)",390,374
965,"[443955,443963)",391,375
966,"[443998,444006)",392,376
967,"[444716,444722)",393,377
968,"[444758,444768)",394,378
969,"[445966,445977)",395,379
970,"[446749,446760)",396,380
971,"[447226,447233)",397,381
972,"[447271,447277)",398,382
973,"[447483,447495)",399,383
974,"[448404,448410)",398,382
975,"[448485,448497)",399,383
976,"[449277,449285)",400,25
977,"[449628,449637)",224,251
978,"[449835,449854)",401,25
979,"[450592,450598)",398,382
980,"[451050,451059)",402,25
981,"[451131,451140)",403,384
982,"[451819,451828)",404,385
983,"[451985,451993)",400,25
984,"[453907,453914)",86,84
985,"[454043,454051)",227,386
986,"[454058,454068)",405,387
987,"[454643,454650)",397,381
988,"[454834,454844)",406,388
989,"[455642,455654)",407,389
990,"[455860,455870)",408,390
991,"[456042,456048)",126,122
992,"[456242,456264)",409,391
993,"[456367,456378)",410,392
994,"[458441,458451)",411,393
995,"[458856,458870)",412,394
996,"[458887,458900)",413,395
997,"[458916,458929)",414,396
998,"[459100,459110)",349,329
999,"[459129,459138)",342,327
1000,"[459158,459167)",331,319
1001,"[460168,460181)",414,396
1002,"[460333,460344)",415,393
1003,"[460589,460601)",416,397
1004,"[460846,460856)",417,398
1005,"[460858,460868)",418,399
1006,"[462337,462343)",126,122
1007,"[463665,463676)",410,392
1008,"[464507,464519)",416,397
1009,"[464522,464531)",419,400
1010,"[466264,466274)",411,393
1011,"[466796,466802)",126,122
1012,"[467127,467141)",420,401
1013,"[467174,467186)",416,397
1014,"[467339,467349)",411,393
1015,"[467560,467572)",416,397
1016,"[467575,467589)",421,401
1017,"[467719,467729)",417,398
1018,"[469121,469126)",422,402
1019,"[469432,469442)",411,393
1020,"[470143,470158)",423,403
1021,"[470176,470186)",424,404
1022,"[470560,470565)",250,246
1023,"[470623,470629)",126,122
1024,"[470846,470862)",425,405
1025,"[470886,470910)",426,406
1026,"[471286,471295)",419,400
1027,"[472655,472663)",427,407
1028,"[472701,472713)",428,395
1029,"[473228,473243)",423,403
1030,"[473257,473270)",413,395
1031,"[473913,473919)",126,122
1032,"[474779,474786)",23,23
1033,"[474996,475020)",168,406
1034,"[475050,475071)",429,408
1035,"[476884,476897)",430,395
1036,"[478407,478413)",126,122
1037,"[478501,478511)",431,409
1038,"[478527,478537)",432,410
1039,"[478656,478681)",433,406
1040,"[479680,479685)",434,411
1041,"[481043,481052)",82,410
1042,"[481076,481086)",219,213
1043,"[481361,481367)",126,122
1044,"[483101,483113)",407,389
1045,"[483300,483312)",407,389
1046,"[483315,483332)",435,412
1047,"[483849,483858)",436,413
1048,"[484267,484284)",435,412
1049,"[484934,484940)",126,122
1050,"[485896,485902)",126,122
1051,"[486401,486418)",437,414
1052,"[486662,486668)",144,141
1053,"[487938,487953)",438,25
1054,"[488066,488076)",439,415
1055,"[488506,488518)",440,25
1056,"[488581,488595)",441,416
1057,"[489003,489010)",23,23
1058,"[489194,489200)",126,122
1059,"[490159,490172)",414,396
1060,"[490722,490732)",417,398
1061,"[491966,491973)",442,417
1062,"[492172,492181)",301,291
1063,"[494495,494502)",442,417
1064,"[496190,496202)",21,21
1065,"[496503,496510)",23,23
1066,"[497097,497107)",322,311
1067,"[497142,497149)",443,418
1068,"[497415,497423)",444,419
1069,"[497559,497566)",443,418
1070,"[498118,498129)",445,420
1071,"[500327,500339)",226,220
1072,"[500376,500385)",295,287
1073,"[500580,500590)",446,421
1074,"[500637,500644)",23,23
1075,"[500818,500825)",447,422
1076,"[501080,501090)",446,421
1077,"[502178,502185)",443,418
1078,"[502584,502600)",448,420
1079,"[502860,502869)",449,130
1080,"[503306,503318)",53,52
1081,"[503401,503423)",90,423
1082,"[503433,503454)",450,424
1083,"[503958,503967)",451,425
1084,"[504153,504160)",443,418
1085,"[504165,504174)",452,426
1086,"[504828,504838)",219,213
1087,"[505370,505376)",126,122
1088,"[507265,507275)",408,390
1089,"[507526,507532)",126,122
1090,"[507730,507740)",411,393
1091,"[507756,507766)",453,427
1092,"[508804,508829)",87,428
1093,"[509434,509444)",424,429
1094,"[509765,509771)",126,122
1095,"[511556,511562)",126,122
1096,"[513415,513425)",219,213
1097,"[514086,514092)",126,122
1098,"[515287,515293)",126,122
1099,"[515466,515476)",424,429
1100,"[516695,516705)",119,118
1101,"[516711,516719)",102,430
1102,"[516745,516753)",102,430
1103,"[516813,516821)",102,99
1104,"[517649,517659)",408,390
1105,"[518293,518303)",408,390
1106,"[518428,518438)",408,390
1107,"[518581,518591)",14,14
1108,"[518793,518801)",454,431
1109,"[518854,518864)",411,393
1110,"[518904,518914)",455,432
1111,"[519009,519018)",419,400
1112,"[520487,520495)",456,433
1113,"[520497,520506)",457,25
1114,"[520569,520578)",457,434
1115,"[520670,520678)",458,435
1116,"[522831,522837)",126,122
1117,"[523020,523031)",459,436
1118,"[523169,523178)",182,176
1119,"[523242,523251)",419,400
1120,"[523477,523488)",459,436
1121,"[523508,523517)",182,176
1122,"[524488,524498)",460,437
1123,"[524828,524838)",460,437
1124,"[525164,525171)",461,25
1125,"[525326,525333)",461,438
1126,"[525343,525352)",436,439
1127,"[525361,525368)",461,440
1128,"[525376,525385)",436,439
1129,"[525388,525399)",462,441
1130,"[525936,525944)",102,430
1131,"[526125,526135)",408,390
1132,"[526261,526267)",126,122
1133,"[526640,526650)",411,393
1134,"[529294,529304)",424,429
1135,"[529505,529511)",126,122
1136,"[529793,529803)",411,393
1137,"[531345,531355)",14,14
1138,"[531507,531513)",126,122
1139,"[531993,532003)",424,442
1140,"[532712,532722)",424,429
1141,"[534262,534268)",126,122
1142,"[534746,534756)",424,429
1143,"[535568,535578)",463,443
1144,"[536222,536232)",408,390
1145,"[536249,536258)",464,444
1146,"[536846,536852)",126,122
1147,"[537182,537207)",465,445
1148,"[538161,538168)",87,85
1149,"[538623,538631)",136,134
1150,"[538915,538924)",464,444
1151,"[539793,539800)",466,446
1152,"[539956,539962)",126,122
1153,"[540910,540916)",126,122
1154,"[541515,541522)",87,86
1155,"[541594,541601)",467,25
1156,"[541664,541684)",468,447
1157,"[542155,542165)",417,398
1158,"[542218,542229)",469,25
1159,"[542272,542285)",470,448
1160,"[543122,543130)",127,125
1161,"[543894,543904)",408,390
1162,"[544031,544048)",435,412
1163,"[544521,544527)",126,122
1164,"[546443,546457)",471,449
1165,"[547464,547470)",126,122
1166,"[550649,550655)",126,122
1167,"[550947,550964)",472,450
1168,"[551607,551617)",411,393
1169,"[552853,552860)",87,86
1170,"[553126,553130)",383,368
1171,"[553713,553723)",417,398
1172,"[553803,553809)",473,451
1173,"[555277,555303)",474,452
1174,"[555315,555327)",475,453
1175,"[555872,555889)",435,412
1176,"[556013,556019)",138,136
1177,"[556097,556104)",466,446
1178,"[556145,556152)",466,446
1179,"[556224,556230)",473,451
1180,"[556481,556487)",126,122
1181,"[557731,557737)",126,122
1182,"[559209,559215)",126,122
1183,"[560547,560557)",408,390
1184,"[561523,561529)",126,122
1185,"[561822,561834)",476,454
1186,"[561871,561881)",417,398
1187,"[562730,562743)",477,455
1188,"[564788,564794)",126,122
1189,"[564955,564965)",417,398
1190,"[566450,566460)",478,456
1191,"[567239,567249)",417,398
1192,"[567374,567380)",126,122
1193,"[568516,568526)",14,14
1194,"[568728,568739)",479,457
1195,"[568750,568761)",480,458
1196,"[570185,570196)",480,458
1197,"[570598,570604)",481,459
1198,"[572170,572180)",36,36
1199,"[572282,572299)",482,460
1200,"[573023,573030)",23,23
1201,"[574056,574064)",483,461
1202,"[574513,574519)",126,122
1203,"[575034,575040)",126,122
1204,"[575683,575695)",484,462
1205,"[576631,576642)",485,463
1206,"[576967,576974)",23,23
1207,"[577128,577136)",391,375
1208,"[577200,577211)",486,464
1209,"[580169,580180)",485,465
1210,"[580267,580278)",485,463
1211,"[580923,580932)",301,291
1212,"[581348,581356)",89,87
1213,"[581365,581373)",89,87
1214,"[581674,581682)",391,375
1215,"[582623,582629)",487,25
1216,"[582692,582706)",488,466
1217,"[582895,582906)",489,467
1218,"[584813,584821)",490,25
1219,"[584884,584893)",491,468
1220,"[584932,584937)",492,469
1221,"[584942,584950)",391,375
1222,"[585442,585448)",487,25
1223,"[585511,585525)",488,466
1224,"[586293,586301)",493,470
1225,"[586703,586711)",494,471
1226,"[587619,587636)",495,472
1227,"[588295,588301)",126,122
1228,"[591052,591062)",496,473
1229,"[591160,591165)",497,474
1230,"[591322,591332)",496,473
1231,"[591334,591344)",498,475
1232,"[591349,591357)",499,476
1233,"[592145,592154)",500,477
1234,"[592198,592208)",501,478
1235,"[592399,592408)",500,477
1236,"[592544,592552)",499,476
1237,"[592809,592817)",502,479
1238,"[592869,592878)",342,327
1239,"[592934,592942)",502,479
1240,"[592992,593000)",502,479
1241,"[593080,593086)",503,480
1242,"[593327,593335)",502,479
1243,"[594892,594897)",504,481
1244,"[595586,595595)",505,482
1245,"[595654,595663)",506,483
1246,"[595981,595987)",503,480
1247,"[596029,596038)",342,327
1248,"[598791,598799)",89,87
1249,"[600582,600587)",504,481
1250,"[600662,600672)",507,482
1251,"[600835,600844)",500,477
1252,"[600963,600971)",508,484
1253,"[601529,601536)",509,485
1254,"[602639,602647)",510,486
1255,"[603004,603016)",511,487
1256,"[603072,603081)",500,477
1257,"[603454,603462)",512,488
1258,"[604078,604086)",513,489
1259,"[604094,604099)",514,490
1260,"[604255,604265)",515,491
1261,"[604270,604277)",52,492
1262,"[604294,604300)",516,493
1263,"[604308,604316)",517,494
1264,"[604505,604513)",512,488
1265,"[604567,604576)",500,477
1266,"[605272,605281)",500,477
1267,"[605601,605610)",500,477
1268,"[605812,605821)",505,482
1269,"[605823,605832)",500,477
1270,"[606809,606818)",518,495
1271,"[606941,606950)",500,477
1272,"[606999,607008)",505,482
1273,"[607034,607039)",504,481
1274,"[607869,607878)",505,482
1275,"[608695,608704)",500,477
1276,"[609096,609105)",500,477
1277,"[609977,609986)",342,327
1278,"[612051,612057)",519,496
1279,"[612060,612070)",501,478
1280,"[612123,612133)",520,497
1281,"[612757,612766)",521,498
1282,"[612834,612842)",502,479
1283,"[613290,613298)",89,87
1284,"[613316,613336)",522,499
1285,"[614176,614182)",523,500
1286,"[615738,615748)",496,501
1287,"[616072,616078)",524,502
1288,"[616716,616723)",442,417
1289,"[617177,617186)",1,1
1290,"[617456,617465)",521,498
1291,"[617468,617475)",525,503
1292,"[618838,618844)",126,122
1293,"[618968,618974)",523,500
1294,"[619501,619510)",1,1
1295,"[619559,619568)",518,495
1296,"[619692,619708)",526,504
1297,"[619722,619730)",89,87
1298,"[619732,619743)",527,505
1299,"[619745,619762)",528,506
1300,"[619800,619809)",500,477
1301,"[620144,620151)",442,417
1302,"[620316,620322)",126,122
1303,"[620355,620361)",523,500
1304,"[620694,620704)",529,477
1305,"[620920,620930)",530,25
1306,"[621636,621644)",531,507
1307,"[621882,621891)",342,327
1308,"[622345,622355)",498,475
1309,"[622432,622441)",342,327
1310,"[622476,622486)",498,475
1311,"[622515,622524)",342,327
1312,"[622581,622592)",532,508
1313,"[622948,622961)",533,509
1314,"[623195,623203)",534,510
1315,"[623231,623244)",535,511
1316,"[623418,623431)",535,511
1317,"[624267,624278)",536,512
1318,"[624309,624320)",537,513
1319,"[624795,624807)",538,514
1320,"[625206,625214)",494,471
1321,"[625455,625460)",261,258
1322,"[625474,625486)",538,514
1323,"[625936,625942)",126,122
1324,"[626198,626210)",539,515
1325,"[626613,626620)",190,187
1326,"[626853,626865)",540,516
1327,"[627189,627199)",541,56
1328,"[627218,627223)",261,258
1329,"[628258,628266)",127,125
1330,"[628293,628301)",494,471
1331,"[628438,628445)",190,187
1332,"[629249,629267)",542,517
1333,"[629391,629398)",18,18
1334,"[629473,629481)",543,518
1335,"[630544,630551)",190,187
1336,"[630906,630915)",544,519
1337,"[631640,631646)",126,122
1338,"[631931,631939)",494,471
1339,"[632232,632241)",195,189
1340,"[632517,632524)",190,187
1341,"[633161,633168)",190,187
1342,"[633964,633969)",545,520
1343,"[634184,634191)",546,521
1344,"[635374,635380)",126,122
1345,"[636001,636007)",547,522
1346,"[636065,636071)",547,522
1347,"[636248,636260)",540,516
1348,"[636579,636586)",190,187
1349,"[637282,637292)",548,523
1350,"[637547,637554)",190,187
1351,"[638669,638680)",549,524
1352,"[638720,638732)",539,515
1353,"[640161,640167)",126,122
1354,"[640697,640709)",85,83
1355,"[640894,640901)",51,50
1356,"[640907,640919)",550,525
1357,"[641322,641328)",551,526
1358,"[642013,642024)",13,13
1359,"[642922,642928)",126,122
1360,"[643082,643089)",51,50
1361,"[643094,643100)",552,527
1362,"[644155,644163)",111,109
1363,"[644294,644301)",23,528
1364,"[644577,644583)",126,122
1365,"[644654,644661)",51,50
1366,"[644669,644680)",553,529
1367,"[644944,644949)",346,530
1368,"[645315,645329)",554,531
1369,"[645668,645677)",116,115
1370,"[645869,645880)",555,532
1371,"[646378,646383)",556,533
1372,"[647088,647100)",550,525
1373,"[647306,647312)",126,122
1374,"[647568,647578)",541,56
1375,"[647873,647889)",557,534
1376,"[647973,647983)",558,535
1377,"[648091,648107)",559,266
1378,"[648257,648272)",273,266
1379,"[648468,648473)",346,530
1380,"[648506,648521)",273,266
1381,"[648579,648594)",273,266
1382,"[648707,648722)",273,266
1383,"[648735,648746)",121,120
1384,"[648757,648762)",346,530
1385,"[649190,649195)",556,533
1386,"[649261,649284)",560,536
1387,"[649953,649958)",312,301
1388,"[650046,650052)",56,55
1389,"[650083,650112)",561,537
1390,"[650305,650334)",561,537
1391,"[650619,650625)",126,122
1392,"[651102,651125)",560,536
1393,"[651855,651862)",51,50
1394,"[651868,651880)",550,525
1395,"[652971,652979)",327,315
1396,"[653478,653490)",562,538
1397,"[653543,653551)",327,315
1398,"[653863,653869)",126,122
1399,"[654121,654128)",563,539
1400,"[654281,654291)",541,56
1401,"[655736,655742)",126,122
1402,"[656012,656022)",541,56
1403,"[657729,657740)",13,13
1404,"[659264,659270)",126,122
1405,"[659643,659650)",563,539
1406,"[659692,659709)",564,25
1407,"[660864,660872)",327,315
1408,"[661354,661362)",565,540
1409,"[661545,661551)",126,122
1410,"[661664,661675)",566,293
1411,"[662229,662237)",567,541
1412,"[662782,662789)",568,542
1413,"[663099,663109)",541,56
1414,"[663563,663571)",569,543
1415,"[664062,664068)",126,122
1416,"[664259,664269)",541,56
1417,"[664542,664552)",570,544
1418,"[664854,664864)",541,56
1419,"[665857,665863)",126,122
1420,"[666706,666716)",541,56
1421,"[667234,667244)",570,544
1422,"[667856,667866)",571,545
1423,"[668064,668072)",317,306
1424,"[668194,668205)",572,546
1425,"[668380,668389)",573,547
1426,"[668454,668462)",567,541
1427,"[669149,669155)",126,122
1428,"[669707,669717)",571,545
1429,"[670148,670158)",541,56
1430,"[670287,670297)",571,545
1431,"[670339,670349)",541,56
1432,"[671065,671071)",126,122
1433,"[671221,671230)",288,281
1434,"[671513,671525)",574,25
1435,"[673056,673068)",575,548
1436,"[673773,673779)",126,122
1437,"[675481,675490)",288,281
1438,"[675898,675904)",126,122
1439,"[676126,676137)",576,549
1440,"[676309,676319)",577,550
1441,"[676400,676411)",578,551
1442,"[676528,676538)",579,552
1443,"[676988,676994)",126,122
1444,"[677342,677356)",580,25
1445,"[679149,679155)",126,122
1446,"[681195,681206)",576,553
1447,"[681792,681802)",541,56
1448,"[681881,681892)",576,553
1449,"[682162,682170)",327,315
1450,"[683619,683625)",126,122
1451,"[684332,684340)",327,315
1452,"[685034,685042)",327,315
1453,"[685126,685133)",563,539
1454,"[685482,685490)",327,315
1455,"[685492,685503)",576,549
1456,"[685795,685806)",576,549
1457,"[686052,686063)",576,549
1458,"[686273,686281)",327,315
1459,"[686285,686296)",576,549
1460,"[686399,686406)",60,554
1461,"[686795,686808)",581,555
1462,"[686928,686941)",582,556
1463,"[687087,687096)",583,557
1464,"[687564,687577)",584,558
1465,"[688386,688392)",126,122
1466,"[688621,688626)",210,204
1467,"[688747,688754)",585,559
1468,"[689449,689459)",586,560
1469,"[690167,690173)",126,122
1470,"[690377,690384)",442,417
1471,"[690429,690436)",587,561
1472,"[690441,690454)",588,562
1473,"[690721,690727)",589,563
1474,"[690890,690903)",590,564
1475,"[690979,690985)",589,563
1476,"[691028,691042)",591,565
1477,"[691104,691110)",589,563
1478,"[691169,691179)",592,566
1479,"[691189,691206)",593,567
1480,"[691449,691456)",587,561
1481,"[691458,691479)",594,568
1482,"[691626,691631)",210,204
1483,"[691754,691760)",126,122
1484,"[692203,692213)",595,569
1485,"[692216,692224)",596,570
1486,"[693096,693108)",597,25
1487,"[693208,693222)",598,25
1488,"[693304,693324)",599,571
1489,"[693397,693403)",600,572
1490,"[693497,693514)",601,573
1491,"[693567,693580)",602,574
1492,"[694076,694084)",603,575
1493,"[694385,694398)",602,574
1494,"[694541,694547)",589,563
1495,"[694889,694895)",604,576
1496,"[695617,695623)",126,122
1497,"[695963,695970)",605,577
1498,"[696202,696209)",605,577
1499,"[696460,696475)",386,371
1500,"[696504,696515)",445,578
1501,"[696626,696635)",205,199
1502,"[696781,696788)",606,579
1503,"[696795,696801)",604,576
1504,"[696934,696942)",607,580
1505,"[697104,697112)",607,581
1506,"[697529,697537)",456,433
1507,"[697924,697940)",608,582
1508,"[698091,698097)",604,576
1509,"[698112,698120)",607,580
1510,"[698159,698166)",609,583
1511,"[698219,698225)",589,563
1512,"[698363,698371)",64,64
1513,"[698478,698484)",589,563
1514,"[698719,698726)",610,584
1515,"[699072,699077)",210,204
1516,"[699253,699259)",126,122
1517,"[699555,699563)",64,64
1518,"[700085,700091)",589,563
1519,"[700249,700256)",610,584
1520,"[700449,700459)",611,585
1521,"[700475,700481)",600,586
1522,"[700711,700726)",386,371
1523,"[700745,700755)",592,566
1524,"[701149,701154)",210,204
1525,"[701618,701624)",126,122
1526,"[701919,701929)",541,56
1527,"[702323,702331)",127,125
1528,"[702408,702414)",48,587
1529,"[702475,702483)",127,125
1530,"[702766,702774)",314,303
1531,"[703409,703416)",612,587
1532,"[704185,704191)",126,122
1533,"[704462,704472)",541,56
1534,"[706571,706577)",126,122
1535,"[707012,707023)",299,588
1536,"[707521,707531)",541,56
1537,"[708168,708179)",613,312
1538,"[708182,708190)",317,589
1539,"[708958,708964)",126,122
1540,"[709349,709358)",614,590
1541,"[709719,709729)",541,56
1542,"[709956,709964)",615,591
1543,"[710900,710909)",301,291
1544,"[711581,711587)",126,122
1545,"[711972,711982)",541,56
1546,"[712000,712010)",616,592
1547,"[712990,712995)",346,330
1548,"[713064,713069)",346,330
1549,"[713356,713363)",442,417
1550,"[713537,713546)",617,593
1551,"[715976,715982)",126,122
1552,"[717133,717143)",541,56
1553,"[717878,717888)",541,56
1554,"[719342,719348)",126,122
1555,"[720486,720495)",330,594
1556,"[720762,720770)",618,595
1557,"[722169,722178)",331,319
1558,"[722191,722199)",327,315
1559,"[722675,722687)",619,13
1560,"[723083,723089)",126,122
1561,"[724385,724391)",126,122
1562,"[725169,725175)",126,122
1563,"[725510,725520)",541,56
1564,"[725769,725778)",245,241
1565,"[726782,726788)",126,122
1566,"[727079,727089)",541,56
1567,"[727810,727816)",126,122
1568,"[729150,729159)",331,319
1569,"[729744,729753)",620,596
1570,"[729984,729992)",621,594
1571,"[729994,730003)",622,597
1572,"[730217,730230)",623,83
1573,"[730382,730394)",624,598
1574,"[730414,730423)",625,599
1575,"[730605,730613)",626,600
1576,"[731321,731329)",327,315
1577,"[732048,732054)",126,122
1578,"[732814,732824)",541,56
1579,"[732992,733005)",623,83
1580,"[733067,733077)",541,56
1581,"[733279,733291)",85,601
1582,"[733423,733433)",541,56
1583,"[733474,733483)",622,597
1584,"[733666,733678)",85,601
1585,"[735553,735559)",126,122
1586,"[735864,735871)",627,602
1587,"[735885,735891)",628,603
1588,"[735925,735932)",87,85
1589,"[736598,736604)",126,122
1590,"[737193,737201)",629,604
1591,"[738098,738104)",126,122
1592,"[739087,739093)",126,122
1593,"[739317,739327)",541,56
1594,"[740237,740243)",126,122
1595,"[740544,740554)",541,56
1596,"[740685,740689)",630,605
1597,"[741324,741330)",126,122
1598,"[741541,741547)",126,122
1599,"[742140,742146)",126,122
1600,"[743388,743396)",327,315
1601,"[743850,743856)",48,48
1602,"[743973,743979)",126,122
1603,"[744986,744996)",541,56
1604,"[745466,745474)",631,606
1605,"[746661,746667)",126,122
1606,"[747065,747070)",632,607
1607,"[747152,747163)",576,553
1608,"[747261,747268)",568,542
1609,"[747386,747393)",568,542
1610,"[747644,747650)",126,122
1611,"[748698,748705)",568,542
1612,"[748923,748928)",632,608
1613,"[748969,748974)",632,608
1614,"[749071,749079)",633,609
1615,"[749101,749112)",576,553
1616,"[749179,749186)",568,542
1617,"[749310,749318)",304,293
1618,"[750090,750098)",327,315
1619,"[750991,751003)",634,610
1620,"[752060,752072)",634,610
1621,"[752117,752125)",327,315
1622,"[752235,752241)",126,122
1623,"[752421,752429)",327,315
1624,"[754548,754556)",327,315
1625,"[755559,755565)",126,122
1626,"[755697,755709)",85,83
1627,"[756029,756041)",635,611
1628,"[756137,756144)",636,25
1629,"[756207,756215)",110,612
1630,"[756218,756225)",637,613
1631,"[756328,756336)",304,293
1632,"[756439,756448)",90,614
1633,"[756465,756477)",638,615
1634,"[756598,756606)",639,616
1635,"[756851,756862)",640,119
1636,"[756877,756882)",632,607
1637,"[757485,757496)",641,617
1638,"[757954,757960)",126,122
1639,"[759125,759135)",642,618
1640,"[759200,759211)",643,25
1641,"[759238,759248)",644,619
1642,"[759262,759276)",645,25
1643,"[759303,759315)",646,620
1644,"[759666,759677)",647,201
1645,"[759784,759792)",327,315
1646,"[760331,760341)",648,621
1647,"[760559,760567)",327,315
1648,"[760859,760867)",110,108
1649,"[760876,760883)",637,622
1650,"[762180,762193)",649,623
1651,"[762241,762248)",650,624
1652,"[762862,762867)",651,625
1653,"[762933,762941)",10,10
1654,"[763130,763140)",652,626
1655,"[764251,764258)",653,627
1656,"[764592,764600)",654,628
1657,"[765552,765560)",655,25
1658,"[766300,766308)",10,10
1659,"[766434,766464)",656,629
1660,"[766728,766741)",657,630
1661,"[767360,767367)",658,631
1662,"[767430,767438)",10,10
1663,"[767748,767755)",653,627
1664,"[768732,768745)",659,632
1665,"[768902,768909)",658,631
1666,"[768912,768918)",347,633
1667,"[768980,768993)",660,25
1668,"[769075,769088)",660,25
1669,"[773160,773168)",10,10
1670,"[773297,773327)",656,634
1671,"[773572,773586)",661,630
1672,"[774372,774378)",662,635
1673,"[775054,775065)",149,145
1674,"[775318,775329)",149,145
1675,"[775452,775463)",149,145
1676,"[776105,776116)",149,145
1677,"[776767,776774)",663,636
1678,"[776774,776780)",662,635
1679,"[778108,778117)",664,637
1680,"[779059,779065)",662,635
1681,"[780198,780208)",665,638
1682,"[780916,780928)",271,264
1683,"[780965,780984)",666,639
1684,"[781206,781216)",408,390
1685,"[781604,781610)",126,122
1686,"[781988,781996)",89,87
1687,"[782047,782058)",667,640
1688,"[782819,782827)",89,87
1689,"[783285,783297)",271,264
1690,"[783384,783390)",126,122
1691,"[783677,783687)",668,640
1692,"[783699,783719)",669,641
1693,"[784001,784013)",428,395
1694,"[784020,784032)",271,264
1695,"[784535,784547)",670,642
1696,"[784740,784752)",271,264
1697,"[784875,784881)",126,122
1698,"[785109,785116)",671,643
1699,"[786305,786311)",126,122
1700,"[786505,786515)",541,56
1701,"[787151,787157)",126,122
1702,"[787787,787793)",126,122
1703,"[787984,787994)",541,56
1704,"[789187,789198)",672,644
1705,"[789765,789777)",673,645
1706,"[790015,790025)",674,646
1707,"[790448,790460)",271,264
1708,"[790560,790566)",126,122
1709,"[790733,790745)",675,647
1710,"[791591,791597)",126,122
1711,"[792398,792404)",126,122
1712,"[792870,792878)",676,648
1713,"[793785,793791)",126,122
1714,"[794897,794906)",330,594
1715,"[795852,795858)",126,122
1716,"[796353,796361)",621,649
1717,"[796363,796373)",677,650
1718,"[797094,797100)",126,122
1719,"[799295,799301)",126,122
1720,"[800797,800828)",678,651
1721,"[802395,802400)",679,652
1722,"[803440,803450)",680,653
1723,"[803602,803608)",126,122
1724,"[804086,804095)",681,654
1725,"[804104,804112)",682,655
1726,"[804116,804127)",683,656
1727,"[804131,804140)",681,657
1728,"[804173,804181)",684,658
1729,"[804185,804196)",685,659
1730,"[804772,804778)",686,660
1731,"[804781,804791)",687,661
1732,"[806300,806306)",126,122
1733,"[806439,806450)",480,458
1734,"[806972,806983)",121,120
1735,"[807032,807069)",688,662
1736,"[808529,808535)",126,122
1737,"[809990,809996)",126,122
1738,"[810147,810157)",541,56
1739,"[812958,812964)",126,122
1740,"[813461,813471)",541,56
1741,"[815053,815059)",126,122
1742,"[815288,815298)",541,56
1743,"[816093,816101)",127,125
1744,"[816460,816470)",541,56
1745,"[818163,818169)",123,122
1746,"[818515,818525)",14,14
1747,"[818987,818992)",689,25
1748,"[819079,819090)",690,663
1749,"[821969,821975)",126,122
1750,"[822243,822253)",541,56
1751,"[823081,823088)",568,542
1752,"[823830,823836)",126,122
1753,"[824412,824418)",126,122
1754,"[825041,825053)",226,220
1755,"[827146,827153)",691,664
1756,"[827171,827184)",692,665
1757,"[827465,827473)",127,125
1758,"[828229,828237)",127,125
1759,"[828928,828934)",126,122
1760,"[829112,829130)",693,666
1761,"[830497,830508)",694,667
1762,"[830807,830818)",695,668
1763,"[831104,831117)",696,669
1764,"[831740,831751)",697,670
1765,"[832319,832327)",698,671
1766,"[832446,832452)",699,25
1767,"[832519,832525)",700,672
1768,"[832543,832556)",696,669
1769,"[832572,832579)",701,673
1770,"[832594,832600)",702,674
1771,"[833946,833952)",126,122
1772,"[834386,834396)",703,675
1773,"[835172,835179)",704,676
1774,"[836316,836340)",705,677
1775,"[836393,836401)",706,678
1776,"[836441,836449)",706,678
1777,"[836993,836999)",126,122
1778,"[840864,840870)",126,122
1779,"[841157,841167)",541,56
1780,"[841919,841925)",126,122
1781,"[842797,842805)",127,125
1782,"[843045,843051)",126,122
1783,"[844695,844702)",707,679
1784,"[844845,844853)",127,125
1785,"[845135,845143)",708,680
1786,"[845663,845671)",708,680
1787,"[846376,846382)",126,122
1788,"[846533,846542)",301,291
1789,"[846869,846876)",707,681
1790,"[847405,847414)",709,682
1791,"[848152,848161)",1,1
1792,"[848203,848212)",709,682
1793,"[848332,848340)",708,680
1794,"[849384,849393)",709,682
1795,"[849608,849615)",707,681
1796,"[849718,849730)",123,220
1797,"[849921,849927)",126,122
1798,"[850386,850393)",707,681
1799,"[850412,850421)",710,683
1800,"[851195,851205)",711,684
1801,"[851307,851330)",712,25
1802,"[851359,851382)",713,685
1803,"[851384,851402)",151,686
1804,"[851701,851724)",712,25
1805,"[852109,852117)",714,687
1806,"[852186,852192)",519,496
1807,"[852505,852511)",715,688
1808,"[852829,852840)",716,454
1809,"[853178,853184)",126,122
1810,"[853450,853473)",712,25
1811,"[853502,853525)",713,685
1812,"[853527,853545)",151,686
1813,"[853903,853911)",717,689
1814,"[855090,855096)",718,690
1815,"[855187,855200)",719,691
1816,"[855242,855252)",592,566
1817,"[855489,855498)",710,683
1818,"[855524,855530)",720,25
1819,"[855615,855627)",721,692
1820,"[855676,855689)",722,693
1821,"[855825,855835)",723,694
1822,"[855857,855865)",724,695
1823,"[855877,855884)",707,681
1824,"[855905,855918)",725,25
1825,"[856033,856046)",726,696
1826,"[856121,856128)",727,697
1827,"[856407,856416)",359,341
1828,"[856447,856458)",728,698
1829,"[856647,856655)",708,680
1830,"[857260,857266)",126,122
1831,"[858182,858191)",436,439
1832,"[858930,858939)",710,683
1833,"[859261,859270)",710,683
1834,"[860121,860130)",710,683
1835,"[861063,861072)",729,699
1836,"[861327,861334)",707,681
1837,"[861913,861920)",707,681
1838,"[862580,862589)",730,700
1839,"[863358,863366)",731,701
1840,"[865107,865114)",707,681
1841,"[867122,867132)",408,390
1842,"[867375,867389)",732,702
1843,"[869261,869267)",519,496
1844,"[869308,869320)",733,703
1845,"[869388,869398)",734,704
1846,"[869520,869528)",512,488
1847,"[869644,869650)",720,25
1848,"[869735,869747)",721,692
1849,"[869796,869809)",722,693
1850,"[869945,869955)",723,694
1851,"[869977,869985)",724,695
1852,"[870000,870005)",346,330
1853,"[870020,870034)",735,705
1854,"[870178,870191)",736,691
1855,"[870283,870291)",737,706
1856,"[870352,870358)",519,496
1857,"[870439,870445)",715,688
1858,"[871305,871312)",704,676
1859,"[871647,871654)",707,681
1860,"[871716,871725)",1,1
1861,"[871740,871749)",1,1
1862,"[872070,872076)",720,25
1863,"[873221,873227)",126,122
1864,"[873663,873673)",541,56
1865,"[873790,873798)",738,707
1866,"[873814,873823)",710,683
1867,"[873834,873840)",720,25
1868,"[873925,873937)",721,692
1869,"[873986,873999)",722,693
1870,"[874135,874145)",723,694
1871,"[874167,874175)",724,695
1872,"[874226,874236)",541,56
1873,"[874373,874379)",720,25
1874,"[874385,874393)",738,707
1875,"[874398,874407)",710,683
1876,"[874472,874482)",541,56
1877,"[874611,874617)",720,25
1878,"[874623,874632)",739,708
1879,"[874709,874719)",541,56
1880,"[874842,874850)",717,689
1881,"[874877,874887)",740,709
1882,"[874901,874907)",720,25
1883,"[874986,874996)",541,56
1884,"[875128,875136)",738,707
1885,"[875147,875153)",720,25
1886,"[875257,875267)",541,56
1887,"[875345,875354)",505,482
1888,"[876090,876096)",126,122
1889,"[876675,876688)",602,574
1890,"[876894,876904)",541,56
1891,"[877100,877109)",710,683
1892,"[877130,877143)",726,696
1893,"[877162,877168)",720,25
1894,"[877456,877466)",741,710
1895,"[877611,877618)",707,681
1896,"[877682,877687)",165,711
1897,"[877799,877804)",165,711
1898,"[877997,878003)",742,712
1899,"[878092,878098)",519,496
1900,"[878115,878121)",743,713
1901,"[878181,878191)",744,714
1902,"[878336,878345)",359,341
1903,"[878831,878841)",592,566
1904,"[879786,879796)",411,393
1905,"[881097,881116)",745,715
1906,"[881331,881337)",126,122
1907,"[882069,882075)",720,25
1908,"[882160,882172)",721,692
1909,"[882221,882234)",722,693
1910,"[882370,882380)",723,694
1911,"[882402,882410)",724,695
1912,"[882753,882758)",556,533
1913,"[882909,882916)",707,681
1914,"[883713,883743)",746,25
1915,"[883913,883919)",126,122
1916,"[884491,884498)",747,25
1917,"[884600,884606)",720,25
1918,"[884691,884703)",721,692
1919,"[884752,884765)",722,693
1920,"[884901,884911)",723,694
1921,"[884933,884941)",724,695
1922,"[884945,884953)",738,707
1923,"[884956,884965)",710,683
1924,"[885370,885390)",748,716
1925,"[885615,885621)",720,25
1926,"[885626,885634)",738,707
1927,"[885637,885646)",710,683
1928,"[885847,885853)",720,25
1929,"[885891,885900)",710,683
1930,"[885988,885996)",738,707
1931,"[886020,886026)",720,25
1932,"[886032,886040)",738,707
1933,"[886471,886479)",708,680
1934,"[887816,887824)",708,680
1935,"[888103,888114)",13,13
1936,"[888508,888515)",749,717
1937,"[888614,888621)",707,681
1938,"[889135,889142)",707,681
1939,"[889164,889169)",750,718
1940,"[889422,889429)",707,681
1941,"[889753,889760)",707,681
1942,"[890654,890666)",271,719
1943,"[891465,891472)",751,720
1944,"[891754,891761)",751,720
1945,"[892359,892365)",126,122
1946,"[892530,892538)",752,721
1947,"[893076,893086)",541,56
1948,"[893130,893139)",753,722
1949,"[893452,893458)",519,496
1950,"[893983,893993)",541,56
1951,"[894017,894026)",505,482
1952,"[894182,894192)",754,723
1953,"[894792,894803)",755,724
1954,"[894829,894836)",751,720
1955,"[894922,894932)",411,393
1956,"[895486,895492)",126,122
1957,"[895876,895882)",126,122
1958,"[896925,896935)",592,566
1959,"[897104,897108)",129,127
1960,"[897255,897263)",756,725
1961,"[897489,897495)",126,122
1962,"[897889,897899)",757,694
1963,"[899141,899149)",708,680
1964,"[899832,899840)",756,725
1965,"[902135,902143)",708,680
1966,"[903242,903249)",707,681
1967,"[904667,904675)",708,680
1968,"[904898,904906)",708,680
1969,"[904919,904930)",363,346
1970,"[905566,905574)",708,680
1971,"[905886,905894)",127,125
1972,"[906254,906264)",758,726
1973,"[906903,906923)",759,25
1974,"[906946,906969)",560,536
1975,"[907116,907139)",713,685
1976,"[907141,907159)",151,686
1977,"[907251,907258)",707,679
1978,"[907261,907268)",760,727
1979,"[908457,908464)",707,681
1980,"[908746,908755)",301,291
1981,"[908923,908931)",708,680
1982,"[909240,909252)",761,680
1983,"[910198,910204)",126,122
1984,"[910932,910943)",480,458
1985,"[911199,911205)",126,122
1986,"[911397,911408)",480,458
